product_id,country_group,image,source_image,match_score,reference_text
8901499009623,india,data/images/packets/8901499009623.jpg,data/890/149/900/9623/2.jpg,0.96,"Multi Grain Flour Mix (Rice Flour, Whole Oats Flour, Whole Wheat Flour), Choco Cream (Sugar, Edible Vegetable Oil (Sunflower Oil, Palm Oil), Cocoa Solids (63%), Milk Solids, Emulsifier (INS 322(i))). Sugar, Cocoa Powder (5.6%), Iodized Salt, Vitamins"
8901063162518,india,data/images/packets/8901063162518.jpg,data/890/106/316/2518/3.jpg,1.0,"REFINED WHEAT FLOUR (MAIDA) (73%), SUGAR, REFINED PALM OIL, INVERT SUGAR SYRUP, MILK PRODUCTS (MILK SOLIDS&SWEETENED CONDENSED PARTLY SKIMMED MILK), RAISING AGENTS [503(ii) & 500(ii)], IODISED SALT, MINERALS**, ARTIFICIAL (MILK & VANILLA) & NATURE IDENTICAL FLAVOURING SUBSTANCES, EMULSIFIER (472e), DOUGH CONDITIONER (223), VITAMINS"", COLOUR (150d) AND IMPROVER (1101(i))"
0839423002557,india,data/images/packets/0839423002557.jpg,data/083/942/300/2557/4.jpg,0.975,"Edible Vegetable Oil (Palmolein Oil), Dried Potato Powder (28%), Chickpea Flour (18%), Maize Starch, Maltodextrin, Mint Flavor(Mint, Garlic, Tamarind), iodised Salt, Dried Mango Powder, Red Chilli Powder, Spice Blend, Black Pepper, Turmeric Powder, Onion Powder, Cardamom, Ginger Powder, Acidity Regulator (INS 330), CONTAINS ADDED FLAVOUR-NATURAL AND NATURE IDENTICAL FLAVOURING"
8906080600357,india,data/images/packets/8906080600357.jpg,data/890/608/060/0357/2.jpg,1.0,"WATER, SUGAR, ORANGE JUICE CONCENTRATE#, ACIDITY REGULATOR (TRISODIUM CITRATE AND CITRIC ACID), FLAVOURS (NATURE-IDENTICAL AND NATURAL), STABILIZERS (CAROB BEAN GUM AND CARRAGEENAN), ANTIOXIDANT (ASCORBIC ACID) AND VITAMIN D2 (ERGOCALCIFEROL). #RECONSTITUTED 20% ORANGE JUICE"
8908018729086,india,data/images/packets/8908018729086.jpg,data/890/801/872/9086/2.jpg,1.0,"Refined White Flour (Maida), Double Toned Milk (27%), Unsalted Butter, Sugar, Water, Wheat Gluten, Fresh Yeast, Salt, Fermented Wheat Flour"
8904304365853,india,data/images/packets/8904304365853.jpg,data/890/430/436/5853/2.jpg,1.0,"CARBONATED WATER, SUGAR, BARLEY MALT, ACIDITY REGULATOR (INS 330), HERBS (QUILLAJA EXTRACT INS 999), PERMITTED CLASS II PRESERVATIVES (INS 211) PERMITTED NATURAL FOOD COLOUR (INS 150d) AND ADDED FLAVOURS (NATURAL, NATURE IDENTICAL AND ARTIFICIAL FLAVOURING SUBSTANCES CRANBERRY)"
8908018251211,india,data/images/packets/8908018251211.jpg,data/890/801/825/1211/1.jpg,1.0,"PURIFIED WATER, CARBON DIOXIDE (INS290), SUGAR, ACIDITY REGULATOR (NS 330), PRESERVATIVE (INS 211), CONTAINS PERMITTED NATURAL COLOUR (INS150D), AND ADDED FLAVOURS NATURAL NATURE IDENTICAL AND ARTIFICIAL FLAVOURING SUBSTANCES (GRAPE)"
8901491502054,india,data/images/packets/8901491502054.jpg,data/890/149/150/2054/2.jpg,1.0,"Potato, Edible Vegetable Oil (Palmolein, Sunflower Oil), *Seasoning (Sugar, Maltodextrin, lodised Salt, Flavour (Natural and Nature Identical Flavouring Substances), ^Spices & Condiments, Flavour Enhancers (E627 & E631), Edible Vegetable Oil (Palm, Sunflower, Peanut), Hydrolysed Vegetable Protein, Anticaking Agent (551), Cocoa Solids, Lactose). *As flavouring agent. ^Contains Onion and Garlic ALLERGEN ADVICE: Contains Nut, Milk, Wheat May Contain Sulphite"
8908002557824,india,data/images/packets/8908002557824.jpg,data/890/800/255/7824/2.jpg,1.0,"SUGAR, MANGO PULP ( WATER, ACIDITY REGULATOR INS330, THICKENER INS440 CONTAINS PERMITTED CLASS II PRESERVATIVES INS224 CONTAINS PERMITTED SYNTHETIC FOOD COLOURS INS102, INS110 AND ADDED FLAVOURS (MANGO)-NATURAL & NATURE IDENTICAL FLAVOURING SUBSTANCES CONTAINS FRUIT."
0787099827861,india,data/images/packets/0787099827861.jpg,data/078/709/982/7861/1.jpg,1.0,"TASTES BEST WHEN TOASTED If refrigerated, Bread can be consumed within 5 days after Best Before Date Ingredients - Organic Whole Wheat, Organic Jaggery, Flax Seed, Yeast, Oil, Salt"
0004444444392,india,data/images/packets/0004444444392.jpg,data/000/444/444/4392/1.jpg,1.0,"Corn grits (89%), Sugar, lodised salt, Malt Extract, Soya lecithin-Emulsifier (INS-322), Anti Oxidant (INS-320)"
8901246006189,india,data/images/packets/8901246006189.jpg,data/890/124/600/6189/2.jpg,1.0,"Tomato Paste (41%), Water, Onions, Liquid Glucose, Sugar, Edible Vegetable Oil (Soyabean Oil), lodized Salt, Spices & Condiments (Garlic Powder (0.97%), Mixed Spices, Red Chilli Flakes (0.25%) and Red Paprika (0.19%)), Acidity Regulators (INS 260, INS 330), Milk Solids, Thickeners (INS 1422, INS 415) and Preservative (INS 211)."
8906035030222,india,data/images/packets/8906035030222.jpg,data/890/603/503/0222/1.jpg,1.0,"Refined Sunflower Oil: 99.99%, TBHQ (E319): Antioxidant, Vitamin A: Micronutrient, Vitamin D: Micronutrient"
8904004404685,india,data/images/packets/8904004404685.jpg,data/890/400/440/4685/2.jpg,1.0,"Groundnuts (Peanuts), Refined Palmolein Oil, Refined Wheat Flour (Maida), Tapioca Starch, Refined Sugar, Edible Common Salt, Red Chilli Powder, Dried Garlic Powder, Black Salt, Acidity Regulator (INS 330), Black Pepper, Dried Ginger Powder, Clove, Cardamom, Nutmeg & Bay Leaves."
07200564,india,data/images/packets/07200564.jpg,data/000/000/720/0564/2.jpg,0.86,"Smart PECH * For Visual representation only FOR COOL PERSONALISED RECIPES SCAN THE OR CODE> PLAM AT Brew your favorite cup of coffee/tea anytime of day or night Do nat UHT Milk needs no refrigeration till it's opened, hence easy to store! Mate Kan Prot P.B Cust Pamper the child in you, enjoy with your favorite cereals Pr Tol Since it is sterilised, UHT milk can be consumed Directly from pack"
8901207021220,india,data/images/packets/8901207021220.jpg,data/890/120/702/1220/2.jpg,1.0,"Water, Sugar, Liquid Glucose, Apple Juice Concentrate (3.85%)^, Acidity Regulator (INS 296), Antioxidant (INS 300) and Flavours (Nature Identical Flavouring Substances). THIS CONTAINS 23 % APPLE JUICE CONTENT. Refrigerate"
7622202820946,india,data/images/packets/7622202820946.jpg,data/762/220/282/0946/3.jpg,0.95,"Sugar, Acidity Regulator (330), Orange Fruit Powder (0.9%), Colours (171, 110, 102), Vitamins, Anticaking Agent (341), Stabilizers (415,466), Natural Flavouring Substances, Sweetener (955), Iodised Salt, Mineral (Zinc Sulphate)."
8901491101813,india,data/images/packets/8901491101813.jpg,data/890/149/110/1813/9.jpg,1.0,"Potato, Edible Vegetable Oil (Palmolein, Sunflower Oil), *Seasoning (Sugar, Spices & Condiments, Maltodextrin, Flavour (Natural and Nature Identical Flavouring Substances), Cheese Powder, Hydrolysed Vegetable Protein, Flavour Enhancers (627, 631), Edible Vegetable Oil (Palm, Coconut), Anticaking Agent (551))"
8906165781995,india,data/images/packets/8906165781995.jpg,data/890/616/578/1995/2.jpg,1.0,"Whey Protein Concentrate, Whey Protein Isolate, Cocoa Powder, Nature Identical Flavouring Substances, Emulsifier (INS 322 (i)), Sodium Chloride, Proprietary Enzyme Blend, Sweetener (INS 955), Stabilizer (INS 415) & Anticaking Agent (INS 551)."
8906032019664,india,data/images/packets/8906032019664.jpg,data/890/603/201/9664/2.jpg,0.98,"Wheat flour (Atta 53.8%), Refined Palm oil, Sugar, Invert syrup, Multi grain flour mix 2.8% {Jowar, Water caltrope, Amaranth, Maize, Black Gram}, Dextrose, man Wheat bran, Milk solids, lodized Salt, Honey, Raising Agents [INS 500(ii), INS 503(ii)], Emulsifier [INS-322(i), INS 472) Vegetable Extracts {Carrot & Tomato }, Butter, Dough PO. Conditioner (INS 223), Nature Identical (Butter, Honey) & Artificial Flavouring Substances (Milk & Vanilla). 287 84105 0938 Soya 452 CONTAINS ALLERGEN: WHEAT, MILK, SOY, SULPHITE NET QUANTIT"
8901499010483,india,data/images/packets/8901499010483.jpg,data/890/149/901/0483/2.jpg,0.867,"Multigrain (66.4%) ,Wheat (24.6%),Corn Grits (15.7%), Rice(10.1%), Rolled Barley (8%), Rolled Oats (8%) ,Candied & Nuts & Dry Fruits & Seed(21%) {Candied Papaya (6%),Candied Cranberry(4%),Raisins(4%),Almonds(4%),Pumpkin Seeds(3%)},Sugar,Cereal Extract,Wheat Bran,Iodized Salt,Vitamins & Minerals,Anti Oxidants(INS 320,INS 307b)"
8904004400755,india,data/images/packets/8904004400755.jpg,data/890/400/440/0755/4.jpg,1.0,"Potato, Edible Vegetable Oil (Palmolein, Cotton Seed, Corn, Sunflower, Rice Bran), Bengal Gram Flour (Besan), Potato Flakes, Potato Starch, Tapioca Starch, Tepary Beans (Moth Dal) % Flour, lodised Salt, Red Chilli Powder, Black Salt, Acidity Regulator (INS 330), Black Pepper, Clove, Dried Ginger Powder, Dried Garlic Powder, Cumin Powder, Bay Leaf, Nutmeg, Cinnamon, Turmeric, Mint Leaves, Natural Flavouring Substances & Nature Identical Flavouring Substances. Allergen: May Contains Peanut, Tree Nuts, Sesame Seed, Milk, Soy, Mustard Seed & Wheat"
8901499009289,india,data/images/packets/8901499009289.jpg,data/890/149/900/9289/4.jpg,1.0,"Corn Grits (61.7%), Sugar, Sliced Almonds (9.0%), Cereal Extract, Dextrose, Honey (1.6%) , Iodized Salt, Vitamins, Minerals, Colour (INS 150d) & Antioxidants (INS 320). CONTAINS PERMITTED NATURAL COLOUR & ADDED FLAVOUR (NATURE-IDENTICAL FLAVOURING SUBSTANCES)"
8901719120800,india,data/images/packets/8901719120800.jpg,data/890/171/912/0800/2.jpg,1.0,"REFINED WHEAT FLOUR (MAIDA) (68%), SUGAR, REFINED PALM OIL, INVERT SUGAR SYRUP* [SUGAR, CITRIC ACID], 10DISED SALT, RAISING AGENTS (503 (ii), 500 (i)], MILK SOLIDS, FLOUR TREATMENT AGENT [1101 (ii)] AND EMULSIFIER OF VEGETABLE ORIGIN [472e] CONTAINS ADDED FLAVOUR (ARTIFICIAL FLAVOURING SUBSTANCES-VANILLA) (D-GLUCOSE, LEVULOSE) CONTAINS: WHEAT, MILK JOONSUMER CARE"
5010251602170,uk_ireland,data/images/packets/5010251602170.jpg,data/501/025/160/2170/4.jpg,1.0,"Cooked long grain rice (99%) (water, long grain rice), Vegetable oil (sunflower and/or rapeseed)."
5010052111376,uk_ireland,data/images/packets/5010052111376.jpg,data/501/005/211/1376/4.jpg,1.0,"Vegetable Oils (Rapeseed; Sunflower) in varying proportions, Dried Potato, Tapioca Starch, Modified Potato Starch, Original Flavour [Maltodextrin, Salt, Yeast Extract, Flavouring], Sugar, Acid: Citric Acid; Colour: Paprika Extract. NUTRITION ADVICE: Typical Values Energy Per 100g | Per 18.9g 1% adult RI Pack per 18.99 Pack 2226kJ"
5063210074839,uk_ireland,data/images/packets/5063210074839.jpg,data/506/321/007/4839/1.jpg,1.0,"Cauliflower florets (54%). wheat flour, water, refined soya bean oil, corn starch, raising agents (sodium bicarbonate, disodium diphosphate, calcium phosphates, calcium carbonate, calcium chloride), salt, black pepper, garlic, potato starch, sugar, garlic powder, onion powder, paprika, oregano, rice flour, wheat gluten, tapioca starch, white pepper, acidity regulator (citric acid), colours (paprika extract, plain caramel), turmeric powder ALLERGY ADVICE:"
5000232900326,uk_ireland,data/images/packets/5000232900326.jpg,data/500/023/290/0326/3.jpg,0.909,"Rehydrated Yellow Sphine Peas (95%), Water, Salt, Natural Turmeric Flavouring, Paprika Extract"
0287312001301,uk_ireland,data/images/packets/0287312001301.jpg,data/028/731/200/1301/1.jpg,1.0,"Wheat Flour (Wheat Flour, Calcium Carbonate, Iron, Niacin, Thiamin], Water, Palm Oil, Sugar, Yeast, Rapeseed Oil, Emulsifiers (Mono - and Diglycerides of Fatty Acids, Mono and Diacetyl Tartaric Acid Esters of Mono - and Diglycerides of Fatty Acids), Flavouring, Raising Agents (Sodium Bicarbonate, Monocalcium Phosphate, Potassium Carbonate), Soya Flour, Maize Flour, Salt, Flour Treatment Agent (Ascorbic Acid), Milk Proteins. This bakery product may also contain peanuts, nuts, milk, sesame, egg, soya and other allergens. 0287312001301"
5057753211844,uk_ireland,data/images/packets/5057753211844.jpg,data/505/775/321/1844/3.jpg,0.812,"sugar, cocoa mass, cocoa butter, whey powder (milk), lecithins (sunflower, rapeseed), flavouring. dark chocolate contains: cocoa solids 49% minimum"
5060525200113,uk_ireland,data/images/packets/5060525200113.jpg,data/506/052/520/0113/5.jpg,0.769,"Chickpeas (56%), Single Origin Dark Chocolate (35%) [Cocoa (Cocoa Butter, Cocoa Mass), Sugar, Emulsifier: Sunflower Lecithin], Rapeseed Oil, Salt, Natural Vanilla Flavouring, Glazing Agent [Acacia Gum], Maize Protein, Min. cocoa solids 50%"
0278760001920,uk_ireland,data/images/packets/0278760001920.jpg,data/027/876/000/1920/2.jpg,0.974,"Fortified Wheat Flour [Wheat Flour. Calcium Carbonate, Iron, Niacin (B3). Thiamin (B1)], Bramley Apples (23%) [Bramley Apples, Antioxidant (Ascorbic Acid), Preservative (Citric Acid), Salt, Firming Agent (Calcium Chloride)], Caster Sugar, Water, Palm Oil Apple Purée (6%). Rapeseed Oil, Beet Sugar. Modified Maize Starch, Emulsifier (Polyglyceral Esters of Fatty Acids), Colour (Carotenes), Flavouring."
4056489914181,uk_ireland,data/images/packets/4056489914181.jpg,data/405/648/991/4181/2.jpg,0.974,"80% hish Pork, Water, Wheat Flour Wheat Flour, Calcium Carbonate, Iron, Niacin, Thiamin), Seasoning (Salt Rusk Wheat Flour Wheat Flour, Calicum Carbonate, Iron, Niacin, Thiamin), Salt), Dextrose, Stabilisers Diphosphates, Polyphosphates Yeast Extract, Natural Flavouring. Spice Extracts, Ground White Pepper, Preservative: Somum Metabisulphite; Antioxidant: Sodium Ascorbate). Filled into Beef Collagen Casing"
5018374188618,uk_ireland,data/images/packets/5018374188618.jpg,data/501/837/418/8618/3.jpg,1.0,"Wheat Flour [Wheat Flour, Calcium Carbonate, Iron, Niacin, Thiamin], Sugar, Bramley Apple (13%), Palm Oil, Rapeseed Oil, Apple Purée, Glucose-Fructose Syrup, Dextrose, Modified Maize Starch, Maltodextrin, Humectant (Glycerol), Water, Glucose Syrup. Whey Powder (Milk), Acidity Regulators (Citric Acid, Malic Acid, Trisodium Citrate), Preservative (Potassium Sorbate), Salt, Raising Agents (Disodium Diphosphate, Sodium Bicarbonate), Lemon Concentrate, Emulsifier (Mono - and Diglycerides of Fatty Acids), Gelling Agent (Sodium Alginate), Milk Proteins. Allergy"
5050854977572,uk_ireland,data/images/packets/5050854977572.jpg,data/505/085/497/7572/1.jpg,1.0,"White Wine Vinegar, Water, Mustard Flour (23%), English Horseradish Root (9.0%), Salt, Mustard Husk (2.0%), Anti-caking agent (E535)"
5010525381299,uk_ireland,data/images/packets/5010525381299.jpg,data/501/052/538/1299/1.jpg,1.0,"FD5 NA12 BBE 10/2028 LR298 e are given as a guide. Please ensure that the product is piping How to cook Cooking appliances vary. These instructions hot throughout before serving. HOB 00 5-7 00 min Empty contents into a saucepan. Heat over a medium heat, stirring occasionally. How to store"
0818290018489,north_america,data/images/packets/0818290018489.jpg,data/081/829/001/8489/3.jpg,1.0,"Oat blend (water, whole grain oats), contains 2% or less of: rapeseed oil (low erucic acid), sea salt, natural flavors, vanilla extract, nutrient extract blend (fruit and vegetable sources), calcium carbonate, gellan gum, dipotassium phosphate."
0194346539871,north_america,data/images/packets/0194346539871.jpg,data/019/434/653/9871/5.jpg,1.0,"Whole wheat bread (whole wheat flour, water, enriched unbleached wheat flour, sugar, wheat gluten, yeast, soybean oil, salt, cultured wheat flour, soy lecithin, grain vinegar), water, batter (whole wheat flour, sugar, whey protein isolate, egg, skim milk, arrowroot flour, cinnamon, nutmeg, salt, baking soda, soy lecithin, soybean oil, cinnamon sugar)."
0060383034016,north_america,data/images/packets/0060383034016.jpg,data/006/038/303/4016/2.jpg,1.0,"Spices and herbs (contains ground paprika, smoked paprika, oregano), Salt, Dried garlic, Apple cider vinegar powder (corn maltodextrin, modified corn starch, apple cider vinegar solids), Onion powder, Corn maltodextrin, Citric acid, Silicon dioxide, Paprika extract, Natural smoke flavour"
0222780002252,north_america,data/images/packets/0222780002252.jpg,data/022/278/000/2252/1.jpg,1.0,"Fortified Wheat Flour (Wheat Flour, Calcium Carbonate, Iron, Niacin (B3), Thlamin (B1)], Water, Fermented Wheat Flour, Salt, Yeast, Fermented Durum Wheat Flour, Wheat Flour, Wheat Gluten, Maize, Flour Treatment Agent (Ascorbic Acid)."
0051900016080,north_america,data/images/packets/0051900016080.jpg,data/005/190/001/6080/11.jpg,0.889,"Turkey breast, water, white turkey, dextrose, salt. less than 2% of brown sugar, flavoring, modified corn starch, sodium erythorbate, sodium phosphates, sodium nitrite."
0647603657196,north_america,data/images/packets/0647603657196.jpg,data/064/760/365/7196/3.jpg,1.0,"Organic Pea Protein Concentrate, Organic Vanilla Powder, Organic Pumpkin Seed Concentrate, Organic Monk Fruit Extract, Organic Chia Seed Protein Concentrate"
0853672002748,north_america,data/images/packets/0853672002748.jpg,data/085/367/200/2748/2.jpg,0.9,"Sea Salt, Organic Black Pepper, Organic Garlic, Organic Onion, Organic Chil, Organic Cumin, Organic Oregano"
0818290019646,north_america,data/images/packets/0818290019646.jpg,data/081/829/001/9646/7.jpg,0.944,"Cultured milk, cane sugar, water, apples, apple puree, tapioca flour, natural flavors, fruit pectin, guar gum, cinnamon, locust bean gum, lemon juice concentrate, vanilla extract. Contains live and active cultures: Lactobacillus thermophilus, Lactobacillus bulgaricus, Lactobacillus acidophilus, and Lactobacillus rhamnosus. Keep refrigerated."
0078742194790,north_america,data/images/packets/0078742194790.jpg,data/007/874/219/4790/3.jpg,1.0,"ENRICHED MACARONI PRODUCT (WHEAT FLOUR, NIACIN, FERROUS SULFATE [IRON], THIAMINE MONONITRATE, RIBOFLAVIN, FOLIC ACID), CORN STARCH, SUGAR, DEXTROSE, SALT, BLEACHED WHEAT FLOUR, MALTED BARLEY FLOUR, MODIFIED CORN STARCH, HYDROLYZED SOY PROTEIN, POTASSIUM CHLORIDE, CARAMEL COLOR, YEAST EXTRACT, DRIED ONION, DRIED GARLIC, PAPRIKA EXTRACT (COLOR), TURMERIC EXTRACT (COLOR), SPICE, CORN OIL, NATURAL FLAVORS,MALTODEXTRIN, CITRIC ACID, DISODIUM INOSINATE AND DISODIUM GUANYLATE. CONTAINS WHEAT AND SOY."
0810187830075,north_america,data/images/packets/0810187830075.jpg,data/081/018/783/0075/2.jpg,0.938,"organic cane sugar, malic acid, citric acid, natural flavors, silicon dioxide, stevia leaf extract, fruit and vegetable juice (color), collagen peptides, niacin (as niacinamide), biotin, sodium (as sea salt, potassium chloride), magnesium (as magnesium citrate), acacia fiber"
0023249093480,north_america,data/images/packets/0023249093480.jpg,data/002/324/909/3480/2.jpg,1.0,"L-Theanine (Suntheanine), organic virgin coconut oil, gelatin, vegetable glycerin, purified water, organic beeswax"
0033674149706,north_america,data/images/packets/0033674149706.jpg,data/003/367/414/9706/1.jpg,0.889,"organic cane sugar, organic brown rice syrup, natural flavor, citric acid, vegetable and fruit juice color, GABA (Gamma-Aminobutyric Acid)"
9337896000649,other_english,data/images/packets/9337896000649.jpg,data/933/789/600/0649/1.jpg,0.941,"ACTIVE INGREDIENTS: Each tablet contains: Herbal extracts dry concentrate standardised Bacopa monnieri (brahmi) whole plant-BacoMind 20 min equiv. to dry 4g std to bacoside A 90mg Ginkgo biloba (ginkgo) leaf - GinkgoSelect min equiv, to dry 3g std to ginkgo flavonglycosides 16mg std to ginkgolides and bilobalide 4mg Panax ginseng (Korean ginseng) root min equiy, to dry 212.5mg sd to gtsenosides Rg1, Re, Rf, Rg2, Rb1, Rb2, Rc, Rd 4.25mg Nutrient: Alpha lipoic acid (R.S form) Made in Australia. 7083 GrkgoSelect is a registered trademark of Indera SpA, May 3 Band"" is a trademark of Natural Remedies PAL"
9300657233860,other_english,data/images/packets/9300657233860.jpg,data/930/065/723/3860/1.jpg,0.92,"water, skim milk, chicken (9%), maize thickener (1422), cream (24%) (contains milk), beverage whitener, flavours (contain barley, soy), wheat flour, salt, sugar, spices (including white peppec), oregano, parsley, thyme."
8716100216389,other_english,data/images/packets/8716100216389.jpg,data/871/610/021/6389/1.jpg,0.911,"Glucose syrup, sugar, modified starch, dextrose, fruit Juice from fruit juice concentrate (apple, tangerine elderbery acids (critic acid, malic acid, lactic and potato protein, natural flavourings, fut concentrates elderberry red grape, blackcurrant, hydrolysed pea protein, vegetable oil (sunflower), glazing agent beeswax, white and yellow The product may contain traces of milk."
9310354983005,other_english,data/images/packets/9310354983005.jpg,data/931/035/498/3005/3.jpg,1.0,"Pasteurised Whole Milk. Non Biodynamic/Organic Ingredients (5%): Milk Solids, Live aBc Probiotic Cultures (Lactobacillus acidophilus, Bifidobacterium lactis Lactobacillus casei >1 Billion Probiotic Count Per 100g). Contains Milk."
5000169389300,other_english,data/images/packets/5000169389300.jpg,data/500/016/938/9300/2.jpg,1.0,"Fortified wheat flour (wheat flour, calcium carbonate, iron, niacin, thiamin), malted wheat flakes, rapeseed oil, sweetened dried cranberries (9%) (cranberries, sugar), dried figs (8%), freeze dried plum (8%), malted barley flour, salt, raising agent (sodium bicarbonate). ALLERGY ADVICE: For allergens, including cereals containing gluten, see ingredients in bold. May contain nuts, peanuts and sesame."
9300662888888,other_english,data/images/packets/9300662888888.jpg,data/930/066/288/8888/4.jpg,1.0,"Milk, Cream (From Milk), Milk Solids, Chicory Root Fibre (1%), Live Yoghurt Cultures (including L. acidophilus, Bifidobacterium, L. casei)."
9312336037560,other_english,data/images/packets/9312336037560.jpg,data/931/233/603/7560/3.jpg,1.0,"Oligosaccharide (tapioca, sweet potato), sea salt, yeast extract (yeast, dextrin, salt), shiitake mushroom powder (4.8%), kombu seaweed powder (contains iodine) (0.2%)."
4088700084397,other_english,data/images/packets/4088700084397.jpg,data/408/870/008/4397/5.jpg,1.0,"DIRECTIONS FOR USE: +9 If product is damaged or looks unusual do not feed to your baby. DO NOT MICROWAVE THE POUCH To serve cold, simply squeeze into a a spoon. To serve warm, place pouch in a jug (not boiling) until warm. After heat secure and shake pouch. An adult must test the temperature to your baby from a spoon. Young children must always be s sitting in an upright position whe STORAGE:"
9324306010688,other_english,data/images/packets/9324306010688.jpg,data/932/430/601/0688/2.jpg,1.0,"Coconut Flour, Almonds (24%), Cashews (20%) Coconut (Preservative (223, 220)), Coconut Sugar, Salt, Lemon Oil (0.1%)."
8886467127861,other_english,data/images/packets/8886467127861.jpg,data/888/646/712/7861/1.jpg,0.974,"Dehydrated potato, vegetable oils, wheat start rice flour, sugar, emulsifier (471) maltodextrin, salt, vegeta (onion & garlic), flavour enhancers (621, 635), flavours (soy) a (330), spices (paprika, cumin, clove, putmeg, cinnamon, gend starch, yeast extract, thyme, chicken meat powder. Contains gluten, wheat, soy. K146310201 86467 127861""> AUST 1800 770 82 NZ 0800 403 983 www.pringles.com"
9415077070763,other_english,data/images/packets/9415077070763.jpg,data/941/507/707/0763/1.jpg,1.0,"0,6 g 0,28 1% 9% 0% al rated drate 5% 2% rs bre mg 51 mg 6 mg 6mg ng daily intakes are based on an average adult diet 9415077 070763 1 0,21 27,08 0,08 27,08 0,08 1,48 1,48"
9300633627935,other_english,data/images/packets/9300633627935.jpg,data/930/063/362/7935/5.jpg,1.0,"Cooked Rice (99%) (Water, Brown de and may vary depending Rice), Sunflower Oil, Antioxidant (307), Stabiliser (471)"
