product_id,product_name,brands,country_group,image,match_score,reference_text
5020411121182,Nutella & Go!,Nutella,india,data/images/unseen/5020411121182.jpg,0.957,"sugar, palm oil, hazelnuts (13%), fat-reduced cocoa (7,4%), skimmed milk powder (6,6%), whey powder (milk), emulsifier: lecithin (soya), vanillin, breadsticks: wheat flour, palm oil, sait, malt extract, baker's yeast."
8000500225615,Nutella Ferrero,"Nutella,Ferrero",india,data/images/unseen/8000500225615.jpg,1.0,"SUGAR, EDIBLE VEGETABLE OIL, HAZELNUTS 13%, LOW FAT COCOA POWDER 7.4%, SKIMMED COW MILK POWDER 6.6%, WHEY POWDER, EMULSIFIER (LECITHIN (INS 322)), FLAVOUR (NATURE IDENTICAL FLAVOURING SUBSTANCE (VANILLIN))."
9300675001410,CLASSIC,Coca-Cola,other_english,data/images/unseen/9300675001410.jpg,1.0,"Carbonated water, sugar, colour (150d), food acid (338), flavour, caffeine."
5449000664686,Coca-Cola,Coca-Cola,other_english,data/images/unseen/5449000664686.jpg,0.571,"Carbonated water, sugar, caramel, phosphoric acid, caffeine"
9300675041140,Mother Energy,"Mother,Coca-Cola Amatil",other_english,data/images/unseen/9300675041140.jpg,0.8,"Carbonated Water, Sucrose, Food Acids (330, 331), Taurine, Glucuronolactone, Colours (150D, 104), Preservative (202), Caffeine, Flavour, Inositol, Vitamins (Niacin, Pantothenic Acid, B6, B12), Guarana Extract (0.005%). Allergen: Contains Caffeine"
8901058005905,KitKat Dark Chocolate Coated Wafer,Nestle,india,data/images/unseen/8901058005905.jpg,1.0,"Dark Chocolate (76.2%) (Sugar, Cocoa solids (28.2%), Cocoa butter (8%), Emulsifier (Soya lecithin), Nature-Identical Flavouring Substance and lodised salt) and Wafer (Sugar, Hydrogenated vegetable fats, Refined Wheat flour (Maida), Cocoa solids (1.2%), Milk solids, Fractionated vegetable fat, Raising agent (500(ii)), Yeast, Emulsifier (Soya lecithin), lodised salt, Flour treatment agent (516), Artificial (Vanilla) flavouring substance and Nature-Identical flavouring substance). Contains Wheat, Milk, Sesame and Soy. May contains Nut."
0941458852165,KitKat Rich Chocolate Coated Wafer,Nestlé,india,data/images/unseen/0941458852165.jpg,1.0,"Milk Chocolate (69%) (Sugar, Milk solids (14.5%), Cocoa butter (12.8%), Cocoa solids (9.6%), Emulsifier (Soya lecithin) and Artificial (Vanilla) flavouring substances) and Wafer (Sugar, Refined Wheat flour (Maida), Hydrogenated vegetable fats, Cocoa solids (1.8%), Milk solids, Fractionated vegetable fat, Raising agent (500(i), Yeast, Emulsifier (Soya lecithin), lodized salt, Flour treatment agent (516) and Artificial (Vanilla) flavouring substances)."
8901058860726,Maggi Special Masala,Maggi,india,data/images/unseen/8901058860726.jpg,0.875,"refined wheat flour, iodised salt,  palm oil, wheat gluten,"
8901058005783,Special Masala Noodles,Maggi,india,data/images/unseen/8901058005783.jpg,0.976,"Saturated Fat (g) Inot more than 7.7 5.4 27% 939.3 657.5 27% %RDA per serve 6.90 4.83 16% Noodles: Refined wheat flour (Maida), - Trans Fat (g) (not more than) 0.13 0.09 Palm oil, Wheat gluten, lodized salt, Sodium img Thickeners (508 & 412), Acidity regulators (501(i) & 500 (i)) and Humectant (451(i)). Masala &quot;TASTEMAKER®: Mixed spices (35.2%) (*Roasted spice powder (9.3%) Iron Img &quot;Guideline Daily Amounts of an average adult ("
8901058895780,Hot & sweet tomato chili sauce,Maggi,india,data/images/unseen/8901058895780.jpg,0.958,"Water, Sugar, Tomato paste (11.9%), Red chilli puree (6.6%), Iodised salt, Acidity regulator, Starch, Mixed Spices, Garlic powder, Thickener, Onion powder and Preservative . May contains Milk & Nut."
7622210515278,mini oreo,"Oreo,โอรีโอ",other_english,data/images/unseen/7622210515278.jpg,0.98,"Wheat Flour Sugar, Non-Hydrogenated Vegetable Oil (Palm, Palm Kernel-Contains Antoxidant TBHQ (INS319)). Cocoa Powder, Fructose Syrup, Raising Agents (Sodium Bicarbonat (INS500)). Ammonium Bicarbonate (INS503(i))), Salt, Com Starch, Emulsifier (Soya Lecithin (INS322) Nature Identical Vanilla Flavour. Food additives are of plant and synthetic origins. Allergen information: Contains wheat and soya. Manufactured on equipment that also processes products containing milk and peanuts."
7622300136048,oreo (p) 27.6g,OREO,other_english,data/images/unseen/7622300136048.jpg,0.767,"_WHEAT_ FLOUR, SUGAR NON HYOROGENATED VEGETABLE OIL (PALM OIL (HUILE DE PALME) CONTAINS ANTIOXIDANT TBHQ), COCOA POWDER, FRUCTOSE SYRUP, LEAVENING AGENTS, RASING AGENTS (SODIUM BICARBONATE INS500(ii) AND AMMONIUM BICARBONATE (INS503(ii)), COTNSTRASH, SALT, EMULSIFIER (_SOY_ LECITHIN (INS322)), FLAVORS (ARTIFICIAL, STRAWBERRY FLAVOR AND NATURE IDENTICAL VANILLA FLAVOR, ACIDITY REGULATOR (CITIC ACID (INS300)), COLOR (CARMINE (INS120)"
5012035968700,Soda twist,Haribo,uk_ireland,data/images/unseen/5012035968700.jpg,0.714,"sugar ty regulators: calcium atest apple, aronia, assion fruit, radish, wax, caramelised paint on back of pack)"
5012035962234,haribo blue,nan,uk_ireland,data/images/unseen/5012035962234.jpg,0.5,gluco e syrup
5053990178469,299 ROP £2.99 P PRINGLES SALT & VINEGAR 18 kcal ri,Pringles,uk_ireland,data/images/unseen/5053990178469.jpg,0.936,"Dehydrated potatoes, sunflower oil, conf and vinegar seasoning (flavourings (barley), potato starch, lactose (milk), mat odium glutamate, disodium guanylate, disodium inosinate), salt, acids (citric acid m bdextrin, emulsifier (E471), rapeseed oil, salt, colour (annatto norbixin). May contain sy Packaged in a protective atmosphere. logg Marketing and Sales orge Tower, MediaCityUK, Salford, s.com FUK Europe Trading Limited. 100g /30 g RI/30 g 2161 kJ"
5053990167739,Prawn Cocktail Flavour,Pringles,uk_ireland,data/images/unseen/5053990167739.jpg,0.9,"Dehydrated Potatoes, Sunflower Oil, Palm Oil, Corn Oil, _Wheat_ Flour, Corn Flour, Rice Flour, Prawn Cocktail Seasoning (Sugar, Acidity Regulator (Sodium Diacetate), Flavour Enhancer (Monosodium Glutamate), Potassium Chloride, Tomato Powder, Modified Maize Starch, Spices, Sunflower Oil, Dextrose, Flavourings, Citric Acid, _Barley_ Malt Vinegar, Skimmed _Milk_ Powder, Yeast Extract, Glucose Syrup, Salt, _Milk_ Proteins, Colour (Paprika Extract)), Maltodextrin, Emulsifier (E471), Salt, Colour (Annatto Norbixin)"
