product_id,split,country_group,selection_reason,agreement_item,assigned_to,status,verified_by,notes
0007874226963,train,north_america,stratified_random,True,ALL,to_do,,
0022000196446,train,north_america,has_colour,True,ALL,to_do,,
0025611620775,train,north_america,stratified_random,True,ALL,to_do,,
0026358006020,train,north_america,stratified_random,True,ALL,to_do,,
0041483040107,train,north_america,has_colour,True,ALL,to_do,,
0042421500073,train,north_america,stratified_random,True,ALL,to_do,,
0050100403997,train,north_america,has_colour,True,ALL,to_do,,
0070491112094,train,north_america,has_preservative,True,ALL,to_do,,
0075856139037,train,north_america,multiple_fats,True,ALL,to_do,,
0079893164151,train,north_america,noisy_text,True,ALL,to_do,,
01800692,train,uk_ireland,stratified_random,True,ALL,to_do,,
04977001,train,north_america,stratified_random,True,ALL,to_do,,
0602652184000,train,north_america,multiple_sugars,True,ALL,to_do,,
0604565851482,train,uk_ireland,stratified_random,True,ALL,to_do,,
0644225767388,train,north_america,multiple_sugars,True,ALL,to_do,,
0747599400124,train,north_america,has_sweetener,True,ALL,to_do,,
0802763020857,train,other_english,has_ins_code,True,ALL,to_do,,
0815721009061,train,north_america,has_colour,True,ALL,to_do,,
3168930009078,train,uk_ireland,noisy_text,True,ALL,to_do,,
5000221606703,train,uk_ireland,has_preservative,True,ALL,to_do,,
5000328311937,train,uk_ireland,noisy_text,True,ALL,to_do,,
5010228007441,train,uk_ireland,has_colour,True,ALL,to_do,,
5060075672927,train,uk_ireland,stratified_random,True,ALL,to_do,,
5099839357770,train,uk_ireland,stratified_random,True,ALL,to_do,,
5397136000642,train,uk_ireland,multiple_sugars,True,ALL,to_do,,
7622201500702,train,uk_ireland,stratified_random,True,ALL,to_do,,
7622210624918,train,india,stratified_random,True,ALL,to_do,,
8239884938006,train,uk_ireland,stratified_random,True,ALL,to_do,,
8901044670858,train,india,stratified_random,True,ALL,to_do,,
8901063146938,train,india,has_ins_code,True,ALL,to_do,,
8904287005401,train,india,has_ins_code,True,ALL,to_do,,
8906036302199,train,india,stratified_random,True,ALL,to_do,,
8906036670212,train,india,stratified_random,True,ALL,to_do,,
8906113490801,train,india,has_ins_code,True,ALL,to_do,,
8908014814120,train,india,has_ins_code,True,ALL,to_do,,
8908022676260,train,india,stratified_random,True,ALL,to_do,,
9317444004657,train,other_english,stratified_random,True,ALL,to_do,,
9325591009869,train,other_english,has_ins_code,True,ALL,to_do,,
9416050902668,train,other_english,has_ins_code,True,ALL,to_do,,
9419399101525,train,other_english,has_ins_code,True,ALL,to_do,,
0004131819173,test,north_america,has_sweetener,False,annotator_1,to_do,,
00154291,test,uk_ireland,has_preservative,False,annotator_1,to_do,,
0018000132447,test,north_america,has_preservative,False,annotator_1,to_do,,
0024300043345,test,north_america,multiple_fats,False,annotator_1,to_do,,
00263931,test,uk_ireland,stratified_random,False,annotator_1,to_do,,
0034000020638,test,north_america,multiple_sugars,False,annotator_1,to_do,,
0048500202739,test,north_america,stratified_random,False,annotator_1,to_do,,
0050700567693,test,north_america,has_colour,False,annotator_1,to_do,,
0073651117410,test,north_america,has_preservative,False,annotator_1,to_do,,
0078742086699,test,north_america,stratified_random,False,annotator_1,to_do,,
0085239080238,test,north_america,has_preservative,False,annotator_1,to_do,,
01744521,test,uk_ireland,stratified_random,False,annotator_1,to_do,,
01771633,test,uk_ireland,stratified_random,False,annotator_1,to_do,,
0203708007252,test,other_english,noisy_text,False,annotator_1,to_do,,
0211540002007,test,uk_ireland,stratified_random,False,annotator_1,to_do,,
0634158735646,test,uk_ireland,stratified_random,False,annotator_1,to_do,,
0658010121378,test,north_america,has_sweetener,False,annotator_1,to_do,,
0671635705440,test,north_america,stratified_random,False,annotator_1,to_do,,
0681131277921,test,north_america,has_sweetener,False,annotator_1,to_do,,
0774310102401,test,north_america,multiple_sugars,False,annotator_1,to_do,,
0853655008156,test,north_america,has_sweetener,False,annotator_1,to_do,,
0856750003019,test,north_america,stratified_random,False,annotator_1,to_do,,
4025500291440,test,uk_ireland,has_sweetener,False,annotator_1,to_do,,
4061463380753,test,uk_ireland,multiple_fats,False,annotator_1,to_do,,
4088600068497,test,uk_ireland,has_colour,False,annotator_1,to_do,,
4088600259390,test,uk_ireland,stratified_random,False,annotator_1,to_do,,
4751004320552,test,uk_ireland,noisy_text,False,annotator_1,to_do,,
5010251790617,test,uk_ireland,stratified_random,False,annotator_1,to_do,,
5014733022265,test,uk_ireland,has_colour,False,annotator_1,to_do,,
5015285811840,test,uk_ireland,stratified_random,False,annotator_1,to_do,,
5016887003053,test,uk_ireland,stratified_random,False,annotator_1,to_do,,
5026489491417,test,uk_ireland,has_colour,False,annotator_1,to_do,,
5060430690122,test,uk_ireland,noisy_text,False,annotator_1,to_do,,
5063445805482,test,uk_ireland,has_colour,False,annotator_1,to_do,,
5449000051981,test,other_english,has_ins_code,False,annotator_1,to_do,,
7622202820946,test,india,stratified_random,False,annotator_1,to_do,,
8901044136262,test,india,stratified_random,False,annotator_1,to_do,,
8901063012530,test,india,has_ins_code,False,annotator_1,to_do,,
8906005671820,test,india,stratified_random,False,annotator_1,to_do,,
8906080600357,test,india,stratified_random,False,annotator_1,to_do,,
9300633540647,test,other_english,stratified_random,False,annotator_1,to_do,,
9310072033532,test,other_english,has_sweetener,False,annotator_1,to_do,,
9310885117047,test,other_english,stratified_random,False,annotator_1,to_do,,
9339423008777,test,other_english,has_ins_code,False,annotator_1,to_do,,
9349093000117,test,other_english,has_sweetener,False,annotator_1,to_do,,
9421033420299,test,other_english,stratified_random,False,annotator_1,to_do,,
0019473001094,train,north_america,stratified_random,False,annotator_1,to_do,,
0037600105064,train,north_america,stratified_random,False,annotator_1,to_do,,
0041419781098,train,north_america,stratified_random,False,annotator_1,to_do,,
0074249274119,train,north_america,stratified_random,False,annotator_1,to_do,,
0088352110059,train,north_america,stratified_random,False,annotator_1,to_do,,
0096619953783,train,north_america,noisy_text,False,annotator_1,to_do,,
0194346375394,train,north_america,stratified_random,False,annotator_1,to_do,,
0400008664059,train,uk_ireland,multiple_fats,False,annotator_1,to_do,,
0712462001135,train,north_america,multiple_fats,False,annotator_1,to_do,,
0749826000398,train,north_america,has_sweetener,False,annotator_1,to_do,,
07824221,train,india,has_ins_code,False,annotator_1,to_do,,
0796220077099,train,north_america,multiple_fats,False,annotator_1,to_do,,
0891627002962,train,north_america,stratified_random,False,annotator_1,to_do,,
20718510,train,uk_ireland,stratified_random,False,annotator_1,to_do,,
29438181,train,uk_ireland,stratified_random,False,annotator_1,to_do,,
3329770051584,train,uk_ireland,stratified_random,False,annotator_1,to_do,,
4056489108511,train,uk_ireland,noisy_text,False,annotator_1,to_do,,
4061462528576,train,uk_ireland,stratified_random,False,annotator_1,to_do,,
4088600161853,train,uk_ireland,has_colour,False,annotator_1,to_do,,
4800110026497,train,other_english,stratified_random,False,annotator_1,to_do,,
4806521792686,train,other_english,has_ins_code,False,annotator_1,to_do,,
5010105001418,train,uk_ireland,stratified_random,False,annotator_1,to_do,,
5010438021800,train,uk_ireland,has_preservative,False,annotator_1,to_do,,
5011020104901,train,uk_ireland,has_preservative,False,annotator_1,to_do,,
5027952015147,train,uk_ireland,multiple_fats,False,annotator_1,to_do,,
5060140143185,train,uk_ireland,has_ins_code,False,annotator_1,to_do,,
5060831610095,train,uk_ireland,stratified_random,False,annotator_1,to_do,,
5065007936832,train,uk_ireland,noisy_text,False,annotator_1,to_do,,
6009551991939,train,other_english,stratified_random,False,annotator_1,to_do,,
6009708532893,train,other_english,stratified_random,False,annotator_1,to_do,,
8000270013283,train,uk_ireland,stratified_random,False,annotator_1,to_do,,
8850291110832,train,india,has_ins_code,False,annotator_1,to_do,,
8888010110245,train,other_english,has_preservative,False,annotator_1,to_do,,
8901030779312,train,india,noisy_text,False,annotator_1,to_do,,
8901063029286,train,india,stratified_random,False,annotator_1,to_do,,
8901207042263,train,india,multiple_fats,False,annotator_1,to_do,,
8906005340269,train,india,noisy_text,False,annotator_1,to_do,,
8906016013428,train,india,stratified_random,False,annotator_1,to_do,,
8906161670125,train,india,multiple_sugars,False,annotator_1,to_do,,
8908001246729,train,india,stratified_random,False,annotator_1,to_do,,
8908024977303,train,india,stratified_random,False,annotator_1,to_do,,
8935235302785,train,india,has_sweetener,False,annotator_1,to_do,,
9300644120210,train,other_english,stratified_random,False,annotator_1,to_do,,
9310495086009,train,other_english,noisy_text,False,annotator_1,to_do,,
9319133337992,train,other_english,stratified_random,False,annotator_1,to_do,,
9321728005209,train,other_english,stratified_random,False,annotator_1,to_do,,
9348219004633,train,other_english,stratified_random,False,annotator_1,to_do,,
9349277000407,train,other_english,has_preservative,False,annotator_1,to_do,,
9358777000107,train,other_english,has_preservative,False,annotator_1,to_do,,
9557327002381,train,other_english,noisy_text,False,annotator_1,to_do,,
0011110853547,validation,north_america,has_colour,False,annotator_1,to_do,,
0021357059121,validation,north_america,stratified_random,False,annotator_1,to_do,,
0038259114049,validation,north_america,has_preservative,False,annotator_1,to_do,,
0041318460186,validation,north_america,has_preservative,False,annotator_1,to_do,,
0051000005649,validation,north_america,has_preservative,False,annotator_1,to_do,,
0079893183794,validation,north_america,stratified_random,False,annotator_1,to_do,,
0701098259782,validation,india,stratified_random,False,annotator_1,to_do,,
0747599319105,validation,north_america,has_sweetener,False,annotator_1,to_do,,
0754207352478,validation,north_america,has_colour,False,annotator_1,to_do,,
0788821082091,validation,north_america,noisy_text,False,annotator_1,to_do,,
1234567899999,validation,india,stratified_random,False,annotator_1,to_do,,
4056489901228,validation,uk_ireland,stratified_random,False,annotator_1,to_do,,
4061459693577,validation,other_english,stratified_random,False,annotator_1,to_do,,
4088600157276,validation,uk_ireland,noisy_text,False,annotator_1,to_do,,
4807770272646,validation,other_english,has_colour,False,annotator_1,to_do,,
5061083060010,validation,uk_ireland,multiple_sugars,False,annotator_1,to_do,,
5449000008282,validation,uk_ireland,stratified_random,False,annotator_1,to_do,,
61600973,validation,other_english,noisy_text,False,annotator_1,to_do,,
8801037006391,validation,india,multiple_sugars,False,annotator_1,to_do,,
8901393018943,validation,india,has_sweetener,False,annotator_1,to_do,,
9300639609706,validation,other_english,stratified_random,False,annotator_1,to_do,,
9320547005827,validation,other_english,stratified_random,False,annotator_1,to_do,,
9403110063728,validation,other_english,stratified_random,False,annotator_1,to_do,,
9403113120053,validation,other_english,has_ins_code,False,annotator_1,to_do,,
0013894004745,test,north_america,stratified_random,False,annotator_2,to_do,,
0016264077467,test,north_america,has_preservative,False,annotator_2,to_do,,
0017600082039,test,north_america,stratified_random,False,annotator_2,to_do,,
0023882009534,test,north_america,stratified_random,False,annotator_2,to_do,,
0025155067180,test,north_america,stratified_random,False,annotator_2,to_do,,
0034683349057,test,north_america,multiple_sugars,False,annotator_2,to_do,,
0038000198915,test,india,stratified_random,False,annotator_2,to_do,,
0040000483649,test,north_america,stratified_random,False,annotator_2,to_do,,
0041549039700,test,north_america,stratified_random,False,annotator_2,to_do,,
0070129291801,test,north_america,stratified_random,False,annotator_2,to_do,,
0070896360236,test,north_america,has_colour,False,annotator_2,to_do,,
0073324801424,test,north_america,stratified_random,False,annotator_2,to_do,,
0078742041117,test,north_america,has_preservative,False,annotator_2,to_do,,
0241155001409,test,uk_ireland,stratified_random,False,annotator_2,to_do,,
0490008131941,test,india,stratified_random,False,annotator_2,to_do,,
0708971922399,test,north_america,has_colour,False,annotator_2,to_do,,
0711535514749,test,north_america,multiple_sugars,False,annotator_2,to_do,,
0867334000089,test,north_america,stratified_random,False,annotator_2,to_do,,
11701774,test,north_america,noisy_text,False,annotator_2,to_do,,
20173609,test,other_english,has_colour,False,annotator_2,to_do,,
5000237088296,test,uk_ireland,has_colour,False,annotator_2,to_do,,
5010525314075,test,uk_ireland,stratified_random,False,annotator_2,to_do,,
5011053026478,test,uk_ireland,has_sweetener,False,annotator_2,to_do,,
5054267005020,test,uk_ireland,stratified_random,False,annotator_2,to_do,,
5054402321923,test,uk_ireland,multiple_fats,False,annotator_2,to_do,,
5057172980741,test,uk_ireland,has_preservative,False,annotator_2,to_do,,
5059604645204,test,uk_ireland,noisy_text,False,annotator_2,to_do,,
5060504311618,test,uk_ireland,stratified_random,False,annotator_2,to_do,,
5099823008336,test,uk_ireland,stratified_random,False,annotator_2,to_do,,
5099823011527,test,uk_ireland,multiple_fats,False,annotator_2,to_do,,
8901491366229,test,india,has_ins_code,False,annotator_2,to_do,,
8904043926124,test,india,noisy_text,False,annotator_2,to_do,,
8904063240019,test,india,stratified_random,False,annotator_2,to_do,,
8904272600291,test,india,stratified_random,False,annotator_2,to_do,,
8904293727236,test,india,noisy_text,False,annotator_2,to_do,,
8906023414805,test,india,multiple_sugars,False,annotator_2,to_do,,
8906116953310,test,india,stratified_random,False,annotator_2,to_do,,
8906140971458,test,india,stratified_random,False,annotator_2,to_do,,
9317224401393,test,other_english,stratified_random,False,annotator_2,to_do,,
9414967803337,test,other_english,stratified_random,False,annotator_2,to_do,,
0011246422549,train,north_america,has_preservative,False,annotator_2,to_do,,
00212847,train,uk_ireland,stratified_random,False,annotator_2,to_do,,
0027331320522,train,north_america,has_sweetener,False,annotator_2,to_do,,
0041220793709,train,north_america,stratified_random,False,annotator_2,to_do,,
0041278124333,train,north_america,has_colour,False,annotator_2,to_do,,
0041303077474,train,north_america,has_sweetener,False,annotator_2,to_do,,
0041415005426,train,north_america,stratified_random,False,annotator_2,to_do,,
0043000060650,train,north_america,noisy_text,False,annotator_2,to_do,,
0070896071323,train,north_america,has_colour,False,annotator_2,to_do,,
0071873433028,train,north_america,has_preservative,False,annotator_2,to_do,,
0075450133196,train,north_america,stratified_random,False,annotator_2,to_do,,
0077890411582,train,north_america,stratified_random,False,annotator_2,to_do,,
0078296158507,train,north_america,has_preservative,False,annotator_2,to_do,,
0078742011271,train,north_america,stratified_random,False,annotator_2,to_do,,
0099482442705,train,north_america,has_colour,False,annotator_2,to_do,,
0630282996137,train,other_english,has_ins_code,False,annotator_2,to_do,,
0770981053660,train,north_america,has_colour,False,annotator_2,to_do,,
0826766139828,train,north_america,multiple_sugars,False,annotator_2,to_do,,
0850021373450,train,north_america,has_preservative,False,annotator_2,to_do,,
0879147009623,train,north_america,stratified_random,False,annotator_2,to_do,,
0944445602521,train,india,multiple_fats,False,annotator_2,to_do,,
4088600355535,train,uk_ireland,multiple_fats,False,annotator_2,to_do,,
4099100025859,train,north_america,has_colour,False,annotator_2,to_do,,
5000128752640,train,uk_ireland,has_preservative,False,annotator_2,to_do,,
5000129377507,train,uk_ireland,has_colour,False,annotator_2,to_do,,
5000159553957,train,uk_ireland,has_ins_code,False,annotator_2,to_do,,
5000169602157,train,uk_ireland,stratified_random,False,annotator_2,to_do,,
5000177482116,train,uk_ireland,has_sweetener,False,annotator_2,to_do,,
50019915,train,uk_ireland,stratified_random,False,annotator_2,to_do,,
5010044010571,train,uk_ireland,has_ins_code,False,annotator_2,to_do,,
5010251536468,train,uk_ireland,stratified_random,False,annotator_2,to_do,,
5054775578986,train,uk_ireland,stratified_random,False,annotator_2,to_do,,
5056357903681,train,uk_ireland,has_preservative,False,annotator_2,to_do,,
5057753325442,train,uk_ireland,stratified_random,False,annotator_2,to_do,,
5060235830044,train,uk_ireland,multiple_sugars,False,annotator_2,to_do,,
5201350155708,train,other_english,has_preservative,False,annotator_2,to_do,,
5391517780536,train,uk_ireland,has_sweetener,False,annotator_2,to_do,,
6009518203129,train,other_english,multiple_fats,False,annotator_2,to_do,,
6009522300098,train,other_english,has_colour,False,annotator_2,to_do,,
6297000670515,train,other_english,stratified_random,False,annotator_2,to_do,,
80842460,train,uk_ireland,has_sweetener,False,annotator_2,to_do,,
8901030699085,train,india,has_ins_code,False,annotator_2,to_do,,
8901030824227,train,india,stratified_random,False,annotator_2,to_do,,
8901512140708,train,india,stratified_random,False,annotator_2,to_do,,
8904063240170,train,india,multiple_fats,False,annotator_2,to_do,,
8904145911257,train,india,multiple_fats,False,annotator_2,to_do,,
8904155829528,train,india,stratified_random,False,annotator_2,to_do,,
8906033743773,train,india,stratified_random,False,annotator_2,to_do,,
8906078721040,train,india,multiple_fats,False,annotator_2,to_do,,
8906154300893,train,india,stratified_random,False,annotator_2,to_do,,
8936114080084,train,other_english,noisy_text,False,annotator_2,to_do,,
8939999780988,train,india,stratified_random,False,annotator_2,to_do,,
8964002345724,train,other_english,stratified_random,False,annotator_2,to_do,,
9300601685981,train,other_english,stratified_random,False,annotator_2,to_do,,
9300633021665,train,other_english,has_ins_code,False,annotator_2,to_do,,
9300664642303,train,other_english,stratified_random,False,annotator_2,to_do,,
9310273211616,train,other_english,has_ins_code,False,annotator_2,to_do,,
9310645330389,train,other_english,stratified_random,False,annotator_2,to_do,,
9327693000294,train,india,noisy_text,False,annotator_2,to_do,,
9339687011278,train,other_english,stratified_random,False,annotator_2,to_do,,
93566254,train,other_english,stratified_random,False,annotator_2,to_do,,
9419741001169,train,other_english,has_ins_code,False,annotator_2,to_do,,
0000535266262,validation,india,noisy_text,False,annotator_2,to_do,,
0022000015273,validation,north_america,has_sweetener,False,annotator_2,to_do,,
0030034077686,validation,north_america,has_colour,False,annotator_2,to_do,,
0072030021652,validation,north_america,stratified_random,False,annotator_2,to_do,,
0078742114118,validation,north_america,multiple_sugars,False,annotator_2,to_do,,
0725439982993,validation,north_america,multiple_fats,False,annotator_2,to_do,,
0811627021053,validation,north_america,stratified_random,False,annotator_2,to_do,,
5010482789725,validation,uk_ireland,stratified_random,False,annotator_2,to_do,,
5029106002249,validation,uk_ireland,stratified_random,False,annotator_2,to_do,,
5060221201575,validation,other_english,has_sweetener,False,annotator_2,to_do,,
6294015136890,validation,uk_ireland,stratified_random,False,annotator_2,to_do,,
8901030966033,validation,india,has_ins_code,False,annotator_2,to_do,,
8901063325609,validation,india,has_ins_code,False,annotator_2,to_do,,
8901063341241,validation,india,stratified_random,False,annotator_2,to_do,,
8906033743155,validation,india,multiple_sugars,False,annotator_2,to_do,,
8906080603990,validation,india,stratified_random,False,annotator_2,to_do,,
8906141781087,validation,india,stratified_random,False,annotator_2,to_do,,
9343317000976,validation,other_english,has_preservative,False,annotator_2,to_do,,
0024000041856,test,north_america,stratified_random,False,annotator_3,to_do,,
0037041008122,test,north_america,multiple_sugars,False,annotator_3,to_do,,
0038252530242,test,north_america,has_preservative,False,annotator_3,to_do,,
0059658123548,test,north_america,stratified_random,False,annotator_3,to_do,,
0618645295615,test,north_america,has_colour,False,annotator_3,to_do,,
07200564,test,india,noisy_text,False,annotator_3,to_do,,
0781005646706,test,other_english,has_ins_code,False,annotator_3,to_do,,
0793591862460,test,india,multiple_fats,False,annotator_3,to_do,,
0810019410505,test,north_america,has_sweetener,False,annotator_3,to_do,,
0819893020381,test,north_america,multiple_sugars,False,annotator_3,to_do,,
29495481,test,uk_ireland,stratified_random,False,annotator_3,to_do,,
3073781209891,test,uk_ireland,stratified_random,False,annotator_3,to_do,,
5000221506867,test,other_english,has_ins_code,False,annotator_3,to_do,,
5011262013016,test,uk_ireland,has_preservative,False,annotator_3,to_do,,
5016346516766,test,uk_ireland,has_ins_code,False,annotator_3,to_do,,
5034660522775,test,uk_ireland,has_ins_code,False,annotator_3,to_do,,
5052910139979,test,uk_ireland,has_preservative,False,annotator_3,to_do,,
5060796580075,test,uk_ireland,stratified_random,False,annotator_3,to_do,,
5063250539749,test,uk_ireland,stratified_random,False,annotator_3,to_do,,
5099338023145,test,uk_ireland,stratified_random,False,annotator_3,to_do,,
6281034909888,test,other_english,stratified_random,False,annotator_3,to_do,,
7622210989178,test,north_america,stratified_random,False,annotator_3,to_do,,
8901030739019,test,india,multiple_fats,False,annotator_3,to_do,,
8901063162600,test,india,has_ins_code,False,annotator_3,to_do,,
8906032090137,test,india,has_ins_code,False,annotator_3,to_do,,
8908005753223,test,india,noisy_text,False,annotator_3,to_do,,
8998866613996,test,other_english,noisy_text,False,annotator_3,to_do,,
9310081115144,test,other_english,stratified_random,False,annotator_3,to_do,,
9310140002408,test,other_english,stratified_random,False,annotator_3,to_do,,
9310213544200,test,other_english,has_ins_code,False,annotator_3,to_do,,
9310288604618,test,other_english,multiple_fats,False,annotator_3,to_do,,
9310645107141,test,other_english,stratified_random,False,annotator_3,to_do,,
9349093007642,test,other_english,has_sweetener,False,annotator_3,to_do,,
9555076303094,test,other_english,has_ins_code,False,annotator_3,to_do,,
0007078405682,train,north_america,has_preservative,False,annotator_3,to_do,,
00120188,train,north_america,stratified_random,False,annotator_3,to_do,,
0030100128151,train,north_america,stratified_random,False,annotator_3,to_do,,
0037600168564,train,north_america,has_colour,False,annotator_3,to_do,,
0038000716195,train,north_america,has_sweetener,False,annotator_3,to_do,,
0040000503682,train,north_america,stratified_random,False,annotator_3,to_do,,
0041364381534,train,north_america,has_colour,False,annotator_3,to_do,,
0041420550607,train,north_america,multiple_sugars,False,annotator_3,to_do,,
0049000048087,train,north_america,has_preservative,False,annotator_3,to_do,,
0070038639817,train,north_america,multiple_sugars,False,annotator_3,to_do,,
0071443010505,train,north_america,stratified_random,False,annotator_3,to_do,,
0073800000150,train,north_america,stratified_random,False,annotator_3,to_do,,
0078858520308,train,north_america,has_sweetener,False,annotator_3,to_do,,
0081159970765,train,north_america,stratified_random,False,annotator_3,to_do,,
0084380958540,train,north_america,stratified_random,False,annotator_3,to_do,,
0085239036242,train,north_america,stratified_random,False,annotator_3,to_do,,
0085239184547,train,north_america,stratified_random,False,annotator_3,to_do,,
0099381200161,train,north_america,stratified_random,False,annotator_3,to_do,,
0099482448806,train,north_america,stratified_random,False,annotator_3,to_do,,
01804003,train,uk_ireland,stratified_random,False,annotator_3,to_do,,
03660324,train,north_america,has_sweetener,False,annotator_3,to_do,,
0744109328428,train,other_english,stratified_random,False,annotator_3,to_do,,
0753519468716,train,north_america,stratified_random,False,annotator_3,to_do,,
0782796021406,train,north_america,stratified_random,False,annotator_3,to_do,,
0792080196673,train,north_america,stratified_random,False,annotator_3,to_do,,
0840442200022,train,north_america,has_sweetener,False,annotator_3,to_do,,
0898987001192,train,north_america,multiple_sugars,False,annotator_3,to_do,,
11075824,train,uk_ireland,stratified_random,False,annotator_3,to_do,,
14827137,train,other_english,stratified_random,False,annotator_3,to_do,,
2000434381247,train,uk_ireland,has_preservative,False,annotator_3,to_do,,
29448739,train,uk_ireland,stratified_random,False,annotator_3,to_do,,
3049614117435,train,uk_ireland,stratified_random,False,annotator_3,to_do,,
30582286,train,north_america,noisy_text,False,annotator_3,to_do,,
4088600047096,train,uk_ireland,stratified_random,False,annotator_3,to_do,,
4088600206417,train,uk_ireland,multiple_sugars,False,annotator_3,to_do,,
4088600397245,train,uk_ireland,noisy_text,False,annotator_3,to_do,,
4088600466217,train,uk_ireland,has_colour,False,annotator_3,to_do,,
4088700218846,train,other_english,has_ins_code,False,annotator_3,to_do,,
4710088423337,train,other_english,multiple_sugars,False,annotator_3,to_do,,
5000328338507,train,uk_ireland,noisy_text,False,annotator_3,to_do,,
5010102244351,train,uk_ireland,has_colour,False,annotator_3,to_do,,
5010251523710,train,uk_ireland,stratified_random,False,annotator_3,to_do,,
5010482177386,train,uk_ireland,stratified_random,False,annotator_3,to_do,,
5010663252758,train,uk_ireland,has_sweetener,False,annotator_3,to_do,,
5055967501881,train,uk_ireland,has_sweetener,False,annotator_3,to_do,,
5056784900093,train,india,has_sweetener,False,annotator_3,to_do,,
5057008763142,train,uk_ireland,has_colour,False,annotator_3,to_do,,
5057172859658,train,uk_ireland,stratified_random,False,annotator_3,to_do,,
5060343742161,train,uk_ireland,has_sweetener,False,annotator_3,to_do,,
5060493761746,train,uk_ireland,stratified_random,False,annotator_3,to_do,,
5060896622507,train,uk_ireland,has_preservative,False,annotator_3,to_do,,
5063250550041,train,uk_ireland,multiple_sugars,False,annotator_3,to_do,,
5063334010614,train,uk_ireland,multiple_fats,False,annotator_3,to_do,,
5391517590951,train,uk_ireland,stratified_random,False,annotator_3,to_do,,
6936756222776,train,other_english,multiple_sugars,False,annotator_3,to_do,,
8710522708149,train,uk_ireland,stratified_random,False,annotator_3,to_do,,
8886467122439,train,india,has_ins_code,False,annotator_3,to_do,,
8901042958361,train,india,has_ins_code,False,annotator_3,to_do,,
8901063146457,train,india,stratified_random,False,annotator_3,to_do,,
8904258702414,train,india,stratified_random,False,annotator_3,to_do,,
8906016421117,train,india,stratified_random,False,annotator_3,to_do,,
8906058710286,train,india,has_sweetener,False,annotator_3,to_do,,
8906078160085,train,india,stratified_random,False,annotator_3,to_do,,
8906143890503,train,india,stratified_random,False,annotator_3,to_do,,
9300633906603,train,other_english,stratified_random,False,annotator_3,to_do,,
9310092208224,train,other_english,noisy_text,False,annotator_3,to_do,,
9330171010487,train,other_english,has_sweetener,False,annotator_3,to_do,,
9354792004007,train,other_english,noisy_text,False,annotator_3,to_do,,
0007789000228,validation,north_america,stratified_random,False,annotator_3,to_do,,
0011110970442,validation,north_america,has_colour,False,annotator_3,to_do,,
0072106631259,validation,north_america,stratified_random,False,annotator_3,to_do,,
0077644901895,validation,north_america,stratified_random,False,annotator_3,to_do,,
0755230025001,validation,north_america,has_sweetener,False,annotator_3,to_do,,
0810020171815,validation,other_english,stratified_random,False,annotator_3,to_do,,
0811961020934,validation,north_america,stratified_random,False,annotator_3,to_do,,
10030432,validation,other_english,has_ins_code,False,annotator_3,to_do,,
5000159553278,validation,uk_ireland,stratified_random,False,annotator_3,to_do,,
5053990162765,validation,uk_ireland,has_ins_code,False,annotator_3,to_do,,
5059512739095,validation,uk_ireland,multiple_fats,False,annotator_3,to_do,,
5059604657559,validation,uk_ireland,has_preservative,False,annotator_3,to_do,,
5060152097612,validation,uk_ireland,stratified_random,False,annotator_3,to_do,,
5319990177926,validation,uk_ireland,stratified_random,False,annotator_3,to_do,,
8901058005905,validation,india,multiple_fats,False,annotator_3,to_do,,
8901491001809,validation,india,has_ins_code,False,annotator_3,to_do,,
8904482000003,validation,india,noisy_text,False,annotator_3,to_do,,
9339687200689,validation,other_english,multiple_fats,False,annotator_3,to_do,,
