product_id,market,section_method,cer_section,word_recall_full_ocr,word_recall_section,ocr_confidence
8901499009623,india,keyword,0.173,0.96,0.96,0.975
8901063162518,india,keyword,0.123,0.941,0.941,0.924
0839423002557,india,keyword,0.047,0.975,0.95,0.922
8906080600357,india,full_text,0.287,0.731,0.731,0.991
8908018729086,india,keyword,0.115,1.0,1.0,0.985
8904304365853,india,keyword,0.018,0.962,0.962,0.954
8908018251211,india,full_text,0.762,0.182,0.182,0.902
8901491502054,india,keyword,0.192,0.927,0.756,0.975
8908002557824,india,full_text,0.621,0.958,0.958,0.979
0787099827861,india,keyword,0.756,1.0,0.391,0.986
0004444444392,india,keyword,0.009,0.923,0.923,0.984
8901246006189,india,keyword,0.033,0.933,0.933,0.973
8906035030222,india,keyword,0.417,1.0,1.0,0.963
8904004404685,india,keyword,0.007,1.0,1.0,0.983
07200564,india,full_text,0.162,0.84,0.84,0.924
8901207021220,india,keyword,0.186,1.0,1.0,0.988
7622202820946,india,keyword,0.582,1.0,1.0,0.952
8901491101813,india,comma_density,0.22,0.815,0.815,0.977
8906165781995,india,full_text,0.748,0.095,0.095,0.983
8906032019664,india,keyword,0.123,0.863,0.863,0.98
8901499010483,india,comma_density,0.777,0.5,0.433,0.95
8904004400755,india,keyword,0.204,0.933,0.733,0.944
8901499009289,india,keyword,0.008,0.96,0.96,0.986
8901719120800,india,keyword,0.14,0.941,0.912,0.967
5010251602170,uk_ireland,keyword,0.01,1.0,1.0,0.992
5010052111376,uk_ireland,keyword,0.305,1.0,0.742,0.995
5063210074839,uk_ireland,keyword,0.037,1.0,0.957,0.983
5000232900326,uk_ireland,full_text,0.785,0.545,0.545,0.937
0287312001301,uk_ireland,keyword,0.182,0.98,0.804,0.973
5057753211844,uk_ireland,keyword,0.251,0.875,0.875,0.987
5060525200113,uk_ireland,keyword,0.873,0.423,0.346,0.986
0278760001920,uk_ireland,keyword,0.025,0.974,0.974,0.931
4056489914181,uk_ireland,comma_density,0.501,0.842,0.632,0.873
5018374188618,uk_ireland,keyword,0.023,1.0,0.983,0.99
5050854977572,uk_ireland,keyword,0.0,1.0,1.0,0.99
5010525381299,uk_ireland,comma_density,0.768,0.576,0.273,0.951
0818290018489,north_america,keyword,0.301,1.0,1.0,0.982
0194346539871,north_america,keyword,0.372,1.0,1.0,0.973
0060383034016,north_america,keyword,0.545,1.0,1.0,0.987
0222780002252,north_america,keyword,0.013,0.947,0.947,0.986
0051900016080,north_america,keyword,0.826,0.889,0.889,0.953
0647603657196,north_america,keyword,0.006,1.0,1.0,0.998
0853672002748,north_america,comma_density,0.538,0.9,0.9,0.975
0818290019646,north_america,keyword,0.402,0.944,0.889,0.944
0078742194790,north_america,keyword,0.054,1.0,0.979,0.99
0810187830075,north_america,full_text,0.747,0.438,0.438,0.968
0023249093480,north_america,keyword,0.386,1.0,0.833,0.983
0033674149706,north_america,keyword,0.64,0.833,0.722,0.988
9337896000649,other_english,keyword,0.238,0.706,0.667,0.934
9300657233860,other_english,keyword,0.041,0.96,0.96,0.977
8716100216389,other_english,keyword,0.142,0.911,0.8,0.957
9310354983005,other_english,full_text,0.17,0.952,0.952,0.978
5000169389300,other_english,keyword,0.335,1.0,0.595,0.985
9300662888888,other_english,keyword,0.007,1.0,1.0,0.997
9312336037560,other_english,keyword,0.006,1.0,1.0,0.993
4088700084397,other_english,full_text,0.673,0.93,0.93,0.952
9324306010688,other_english,keyword,0.588,1.0,1.0,0.993
8886467127861,other_english,keyword,0.496,0.641,0.513,0.923
9415077070763,other_english,full_text,0.713,0.2,0.2,0.977
9300633627935,other_english,keyword,0.226,1.0,0.667,0.956
