term,category,ins_number,class_id,source
(r)-2-amino-3-mercaptopropanoic acid,ADDITIVE,920,,dict:off_taxonomy
acacia gum,ADDITIVE,414,,dict:additive_aliases
acetic acid,ADDITIVE,260,,dict:additive_aliases
acetone peroxide,ADDITIVE,929,,dict:off_taxonomy
acetylated distarch adipate,ADDITIVE,1422,,dict:off_taxonomy
acetylated distarch glycerol,ADDITIVE,1423,,dict:off_taxonomy
acetylated distarch phosphate,ADDITIVE,1414,,dict:off_taxonomy
acetylated oxidised starch,ADDITIVE,1451,,dict:off_taxonomy
acetylated starch,ADDITIVE,1420,,dict:off_taxonomy
acid calcium pyrophosphate,ADDITIVE,450vii,,dict:off_taxonomy
acid monosodium monophosphate,ADDITIVE,339i,,dict:off_taxonomy
acid sodium aluminium phosphate,ADDITIVE,541i,,dict:off_taxonomy
acid sodium sulphate,ADDITIVE,514ii,,dict:off_taxonomy
acid-treated modified starch,ADDITIVE,1401,,dict:off_taxonomy
acide butanedioique,ADDITIVE,363,,dict:off_taxonomy
acide succinique,ADDITIVE,363,,dict:off_taxonomy
acidum succinicum,ADDITIVE,363,,dict:off_taxonomy
adipic acid,ADDITIVE,355,,dict:off_taxonomy
agar,ADDITIVE,406,,dict:additive_aliases
agar agar,ADDITIVE,406,,dict:off_taxonomy
agar-agar,ADDITIVE,406,,dict:additive_aliases
alanin,ADDITIVE,369,,dict:off_taxonomy
alginic acid,ADDITIVE,400,,dict:off_taxonomy
alkaline modified starch,ADDITIVE,1402,,dict:off_taxonomy
alkaline sodium aluminium phosphate,ADDITIVE,541ii,,dict:off_taxonomy
alkest tw 20,ADDITIVE,432,,dict:off_taxonomy
alpha-amylase,ADDITIVE,1100,,dict:off_taxonomy
alpha-cyclodextrine,ADDITIVE,457,,dict:off_taxonomy
alpha-tocopherol,ADDITIVE,307,,dict:off_taxonomy
aluminium ammonium sulphate,ADDITIVE,523,,dict:off_taxonomy
aluminium calcium silicate,ADDITIVE,556,,dict:off_taxonomy
aluminium potassium sulphate,ADDITIVE,522,,dict:off_taxonomy
aluminium silicate,ADDITIVE,559,,dict:off_taxonomy
aluminium sodium sulphate,ADDITIVE,521,,dict:off_taxonomy
aluminium stearate,ADDITIVE,573,,dict:off_taxonomy
aluminium sulfate,ADDITIVE,520,,dict:off_taxonomy
aluminium sulphate,ADDITIVE,520,,dict:off_taxonomy
aluminum stearate,ADDITIVE,573,,dict:off_taxonomy
amber acid,ADDITIVE,363,,dict:off_taxonomy
amidated pectin,ADDITIVE,440b,,dict:off_taxonomy
ammonia,ADDITIVE,527,,dict:off_taxonomy
ammonia liquor,ADDITIVE,527,,dict:off_taxonomy
ammonia solution,ADDITIVE,510,,dict:off_taxonomy
ammonia water,ADDITIVE,527,,dict:off_taxonomy
ammonical liquor,ADDITIVE,527,,dict:off_taxonomy
ammonium acetate,ADDITIVE,264,,dict:off_taxonomy
ammonium adipate,ADDITIVE,359,,dict:off_taxonomy
ammonium alginate,ADDITIVE,403,,dict:off_taxonomy
ammonium aluminium sulfate,ADDITIVE,523,,dict:off_taxonomy
ammonium bicarbonate,ADDITIVE,503ii,,dict:additive_aliases
ammonium carbonate,ADDITIVE,503i,,dict:off_taxonomy
ammonium carbonates,ADDITIVE,503,,dict:off_taxonomy
ammonium chloride,ADDITIVE,510,,dict:off_taxonomy
ammonium dihydrogen phosphate,ADDITIVE,342i,,dict:off_taxonomy
ammonium ferric citrate,ADDITIVE,381,,dict:off_taxonomy
ammonium fumarate,ADDITIVE,368,,dict:off_taxonomy
ammonium hydrogen carbonate,ADDITIVE,503ii,,dict:additive_aliases
ammonium hydroxide,ADDITIVE,527,,dict:off_taxonomy
ammonium lactate,ADDITIVE,328,,dict:off_taxonomy
ammonium malate,ADDITIVE,349,,dict:off_taxonomy
ammonium pectate,ADDITIVE,440aiv,,dict:off_taxonomy
ammonium persulfate,ADDITIVE,923,,dict:off_taxonomy
ammonium phosphate,ADDITIVE,342,,dict:off_taxonomy
ammonium phosphatide,ADDITIVE,442,,dict:off_taxonomy
ammonium phosphatides,ADDITIVE,442,,dict:off_taxonomy
ammonium polyphosphate,ADDITIVE,452v,,dict:off_taxonomy
ammonium sulfate,ADDITIVE,517,,dict:off_taxonomy
ammonium sulphate,ADDITIVE,517,,dict:off_taxonomy
amylase,ADDITIVE,1100,,dict:off_taxonomy
anionic methacrylate copolymer,ADDITIVE,1207,,dict:off_taxonomy
anoxomer,ADDITIVE,323,,dict:off_taxonomy
aqua ammonia,ADDITIVE,527,,dict:off_taxonomy
aqueous ammonia,ADDITIVE,527,,dict:off_taxonomy
arabic gum,ADDITIVE,414,,dict:off_taxonomy
arabinogalactan,ADDITIVE,409,,dict:off_taxonomy
ascorbic acid,ADDITIVE,300,,dict:additive_aliases
ascorbic acid esters of fatty acid,ADDITIVE,304,,dict:off_taxonomy
ascorbyl palmitate,ADDITIVE,304i,,dict:off_taxonomy
ascorbyl stearate,ADDITIVE,304ii,,dict:off_taxonomy
asuccin,ADDITIVE,363,,dict:off_taxonomy
azodicarbonamide,ADDITIVE,927a,,dict:off_taxonomy
azodicarbonamide and carbamide,ADDITIVE,927,,dict:off_taxonomy
baker's ammonia,ADDITIVE,503ii,,dict:off_taxonomy
bakers yeast glycan,ADDITIVE,408,,dict:off_taxonomy
baking soda,ADDITIVE,500ii,,dict:additive_aliases
basic methacrylate copolymer,ADDITIVE,1205,,dict:off_taxonomy
bees wax,ADDITIVE,901,,dict:off_taxonomy
beeswax,ADDITIVE,901,,dict:off_taxonomy
bengal,ADDITIVE,406,,dict:off_taxonomy
bentonite,ADDITIVE,558,,dict:off_taxonomy
benzenemethanol,ADDITIVE,1519,,dict:off_taxonomy
benzoin resin,ADDITIVE,906,,dict:off_taxonomy
benzole peroxide,ADDITIVE,928,,dict:off_taxonomy
benzoyl peroxide,ADDITIVE,928,,dict:off_taxonomy
benzyl alcohol,ADDITIVE,1519,,dict:off_taxonomy
bernsteinsaeure,ADDITIVE,363,,dict:off_taxonomy
bernsteinsaure,ADDITIVE,363,,dict:off_taxonomy
beta-cyclodextrine,ADDITIVE,459,,dict:off_taxonomy
bha,ADDITIVE,320,,dict:additive_aliases
bht,ADDITIVE,321,,dict:additive_aliases
bht added to preserve freshness,ADDITIVE,321,,dict:off_taxonomy
bicarbonate of soda,ADDITIVE,500ii,,dict:additive_aliases
bleached shellac,ADDITIVE,904,,dict:off_taxonomy
bleached starch,ADDITIVE,1403,,dict:off_taxonomy
bone phosphate,ADDITIVE,542,,dict:off_taxonomy
"bone phosphate (essentiale calcium phosphate, tribasic)",ADDITIVE,542,,dict:off_taxonomy
brominated vegetable oil,ADDITIVE,443,,dict:off_taxonomy
buffered vinegar,ADDITIVE,267,,dict:off_taxonomy
butandisaeure,ADDITIVE,363,,dict:off_taxonomy
butane,ADDITIVE,943a,,dict:off_taxonomy
butanedioic acid,ADDITIVE,363,,dict:off_taxonomy
butanedionic acid,ADDITIVE,363,,dict:off_taxonomy
butylated hydroxyanisole,ADDITIVE,320,,dict:off_taxonomy
butylated hydroxyanisole (bha),ADDITIVE,320,,dict:off_taxonomy
butylated hydroxytoluene,ADDITIVE,321,,dict:off_taxonomy
butylhydroxinon,ADDITIVE,319,,dict:off_taxonomy
calamine,ADDITIVE,557,,dict:off_taxonomy
calcium 5'-ribonucleotide,ADDITIVE,634,,dict:off_taxonomy
calcium 5'-ribonucleotides,ADDITIVE,634,,dict:off_taxonomy
calcium acetate,ADDITIVE,263,,dict:off_taxonomy
calcium acid carbonate,ADDITIVE,170ii,,dict:off_taxonomy
calcium alginate,ADDITIVE,404,,dict:off_taxonomy
calcium aluminium silicate,ADDITIVE,556,,dict:off_taxonomy
calcium aluminosilicate,ADDITIVE,556,,dict:off_taxonomy
calcium ascorbate,ADDITIVE,302,,dict:off_taxonomy
calcium bicarbonate,ADDITIVE,170ii,,dict:off_taxonomy
calcium bromate,ADDITIVE,924b,,dict:off_taxonomy
calcium carbonate,ADDITIVE,170,,dict:additive_aliases
calcium carbonates,ADDITIVE,170,,dict:off_taxonomy
calcium chloride,ADDITIVE,509,,dict:additive_aliases
calcium citrate,ADDITIVE,333,,dict:off_taxonomy
calcium citrates,ADDITIVE,333,,dict:off_taxonomy
calcium diglutamate,ADDITIVE,623,,dict:off_taxonomy
calcium dihydrogen diphosphate,ADDITIVE,450vii,,dict:off_taxonomy
calcium disodium edta,ADDITIVE,385,,dict:additive_aliases
calcium disodium ethylene diamine tetra-acetate,ADDITIVE,385,,dict:off_taxonomy
calcium disodium ethylenediaminetetraacetate,ADDITIVE,385,,dict:off_taxonomy
calcium erythorbin,ADDITIVE,318,,dict:off_taxonomy
calcium ferrocyanide,ADDITIVE,538,,dict:off_taxonomy
calcium fumarate,ADDITIVE,367,,dict:off_taxonomy
calcium gluconate,ADDITIVE,578,,dict:off_taxonomy
calcium glycerophosphate,ADDITIVE,383,,dict:off_taxonomy
calcium guanylate,ADDITIVE,629,,dict:off_taxonomy
calcium hydrogen carbonate,ADDITIVE,170ii,,dict:off_taxonomy
calcium hydrogen malate,ADDITIVE,352ii,,dict:off_taxonomy
calcium hydroxide,ADDITIVE,526,,dict:off_taxonomy
calcium inosinate,ADDITIVE,633,,dict:off_taxonomy
calcium iodate,ADDITIVE,916,,dict:off_taxonomy
calcium lactate,ADDITIVE,327,,dict:off_taxonomy
calcium lactobionate,ADDITIVE,399,,dict:off_taxonomy
calcium malate,ADDITIVE,352i,,dict:off_taxonomy
calcium malates,ADDITIVE,352,,dict:off_taxonomy
calcium metaphosphate,ADDITIVE,452iv,,dict:off_taxonomy
calcium oleyl lactylate,ADDITIVE,482ii,,dict:off_taxonomy
calcium oxide,ADDITIVE,529,,dict:off_taxonomy
calcium peroxide,ADDITIVE,930,,dict:off_taxonomy
calcium phosphate,ADDITIVE,341,,dict:off_taxonomy
calcium phosphates,ADDITIVE,341,,dict:off_taxonomy
calcium polyphosphate,ADDITIVE,452iv,,dict:off_taxonomy
calcium salts of citric acid,ADDITIVE,333,,dict:off_taxonomy
calcium salts of fatty acids,ADDITIVE,470aiii,,dict:off_taxonomy
calcium silicate,ADDITIVE,552,,dict:additive_aliases
calcium silicoaluminate,ADDITIVE,556,,dict:off_taxonomy
calcium stearoyl fumarate,ADDITIVE,486,,dict:off_taxonomy
calcium stearoyl lactylate,ADDITIVE,482i,,dict:off_taxonomy
calcium stearoyl-2-lactylate,ADDITIVE,482,,dict:off_taxonomy
calcium sulfate,ADDITIVE,516,,dict:off_taxonomy
calcium sulfate added to prevent caking,ADDITIVE,516,,dict:off_taxonomy
calcium sulphate,ADDITIVE,516,,dict:off_taxonomy
calcium tartrate,ADDITIVE,354,,dict:off_taxonomy
calcium-dinatrium-edta,ADDITIVE,385,,dict:off_taxonomy
candelilla wax,ADDITIVE,902,,dict:off_taxonomy
capric acid,ADDITIVE,570,,dict:off_taxonomy
capric acid (c10),ADDITIVE,570,,dict:off_taxonomy
caprylic acid,ADDITIVE,570,,dict:off_taxonomy
caprylic acid (c8),ADDITIVE,570,,dict:off_taxonomy
carbamide,ADDITIVE,927b,,dict:off_taxonomy
carbomer,ADDITIVE,1210,,dict:off_taxonomy
carbon dioxide,ADDITIVE,290,,dict:off_taxonomy
carbonates,ADDITIVE,502,,dict:off_taxonomy
carbonic acid gas,ADDITIVE,290,,dict:off_taxonomy
carboxy methyl cellulose,ADDITIVE,466,,dict:off_taxonomy
carboxymethyl cellulose,ADDITIVE,466,,dict:off_taxonomy
carboxymethylcellulose,ADDITIVE,466,,dict:additive_aliases
carnauba wax,ADDITIVE,903,,dict:off_taxonomy
carnauba wax coating agents,ADDITIVE,903,,dict:off_taxonomy
carob bean gum,ADDITIVE,410,,dict:additive_aliases
carob gum,ADDITIVE,410,,dict:off_taxonomy
carrageenan,ADDITIVE,407,,dict:additive_aliases
cassia gum,ADDITIVE,427,,dict:off_taxonomy
castor oil,ADDITIVE,1503,,dict:off_taxonomy
caustic soda,ADDITIVE,524,,dict:off_taxonomy
cellulose gum,ADDITIVE,466,,dict:additive_aliases
cellulose powder added to prevent caking,ADDITIVE,460,,dict:off_taxonomy
cellulose powder to prevent caking,ADDITIVE,460,,dict:off_taxonomy
ceylon,ADDITIVE,406,,dict:off_taxonomy
chalk,ADDITIVE,170i,,dict:off_taxonomy
chinese or japanese isinglass,ADDITIVE,406,,dict:off_taxonomy
chlorine,ADDITIVE,925,,dict:off_taxonomy
chlorine dioxide,ADDITIVE,926,,dict:off_taxonomy
chloropentafluoroethane,ADDITIVE,945,,dict:off_taxonomy
cholic acid,ADDITIVE,1000,,dict:off_taxonomy
choline acetate,ADDITIVE,1001i,,dict:off_taxonomy
choline carbonate,ADDITIVE,1001ii,,dict:off_taxonomy
choline citrate,ADDITIVE,1001iv,,dict:off_taxonomy
choline lactate,ADDITIVE,1001vi,,dict:off_taxonomy
choline tartrate,ADDITIVE,1001v,,dict:off_taxonomy
ci pigment white 18,ADDITIVE,170i,,dict:off_taxonomy
citric acid,ADDITIVE,330,,dict:additive_aliases
concentrated tocopherol,ADDITIVE,307b,,dict:off_taxonomy
copper sulphate,ADDITIVE,519,,dict:off_taxonomy
copper(ii) sulfate,ADDITIVE,519,,dict:off_taxonomy
cream of tartar,ADDITIVE,336i,,dict:additive_aliases
crospovidone,ADDITIVE,1202,,dict:off_taxonomy
cross-linked cellulose gum,ADDITIVE,468,,dict:off_taxonomy
cross-linked polyvidone,ADDITIVE,1202,,dict:off_taxonomy
cross-linked sodium carboxymethylcellulose,ADDITIVE,468,,dict:off_taxonomy
crosslinked sodium carboxy methyl cellulose,ADDITIVE,468,,dict:off_taxonomy
crystalline wax,ADDITIVE,907,,dict:off_taxonomy
curdlan,ADDITIVE,424,,dict:off_taxonomy
d-alpha-tocopherol,ADDITIVE,307a,,dict:off_taxonomy
d-gluconic acid,ADDITIVE,574,,dict:off_taxonomy
d-gluconic acid delta-lactone,ADDITIVE,575,,dict:off_taxonomy
datem,ADDITIVE,472e,,dict:additive_aliases
dehydroacetic acid,ADDITIVE,265,,dict:off_taxonomy
delta-tocopherol,ADDITIVE,309,,dict:off_taxonomy
dextrin,ADDITIVE,1400,,dict:off_taxonomy
di-calcium phosphate,ADDITIVE,341ii,,dict:off_taxonomy
diacetyl tartaric acid esters of mono-and diglycerides,ADDITIVE,472e,,dict:additive_aliases
diacetyl tartaric acid esters of mono-and diglycerides of fatty acids,ADDITIVE,472e,,dict:additive_aliases
diammonium hydrogen phosphate,ADDITIVE,342ii,,dict:off_taxonomy
diammonium phosphate,ADDITIVE,342,,dict:off_taxonomy
dibasic calcium phosphate,ADDITIVE,341ii,,dict:off_taxonomy
dicalcium citrate,ADDITIVE,333ii,,dict:off_taxonomy
dicalcium diphosphate,ADDITIVE,450vi,,dict:off_taxonomy
dicalcium phosphate,ADDITIVE,341ii,,dict:off_taxonomy
dicalcium pyrophosphate,ADDITIVE,450vi,,dict:off_taxonomy
dichlorodifluoromethane,ADDITIVE,940,,dict:off_taxonomy
dihydrofumaric acid,ADDITIVE,363,,dict:off_taxonomy
dimagnesium orthophosphate,ADDITIVE,343ii,,dict:off_taxonomy
dimagnesium phosphate,ADDITIVE,343ii,,dict:off_taxonomy
dimethicone,ADDITIVE,900a,,dict:off_taxonomy
dimethyl polysiloxane,ADDITIVE,900a,,dict:off_taxonomy
dimethylpolysiloxane,ADDITIVE,900a,,dict:off_taxonomy
dimethylpolysiloxane and methylphenylpolysiloxane,ADDITIVE,900,,dict:off_taxonomy
diphosphate,ADDITIVE,450,,dict:off_taxonomy
diphosphates,ADDITIVE,450,,dict:off_taxonomy
dipotassic tartrate,ADDITIVE,336ii,,dict:off_taxonomy
dipotassium dihydrogenpyrophosphate,ADDITIVE,450iv,,dict:off_taxonomy
dipotassium guanylate,ADDITIVE,628,,dict:off_taxonomy
dipotassium inosinate,ADDITIVE,632,,dict:off_taxonomy
dipotassium monophosphate,ADDITIVE,340ii,,dict:off_taxonomy
dipotassium orthophosphate,ADDITIVE,340ii,,dict:off_taxonomy
dipotassium phosphate,ADDITIVE,340ii,,dict:off_taxonomy
dipotassium tartrate,ADDITIVE,336ii,,dict:off_taxonomy
disodium 5'-ribonucleotide,ADDITIVE,635,,dict:off_taxonomy
disodium 5'-ribonucleotides,ADDITIVE,635,,dict:additive_aliases
disodium citrate,ADDITIVE,331ii,,dict:off_taxonomy
disodium dihydrogen diphosphate,ADDITIVE,450i,,dict:off_taxonomy
disodium dihydrogen pyrophosphate,ADDITIVE,450i,,dict:off_taxonomy
disodium diphosphate,ADDITIVE,450i,,dict:off_taxonomy
disodium edta,ADDITIVE,386,,dict:additive_aliases
disodium guanylate,ADDITIVE,627,,dict:additive_aliases
disodium inosinate,ADDITIVE,631,,dict:additive_aliases
disodium monophosphate,ADDITIVE,339ii,,dict:off_taxonomy
disodium phosphate,ADDITIVE,339ii,,dict:additive_aliases
disodium pyrophosphate,ADDITIVE,450i,,dict:off_taxonomy
disodium succinate,ADDITIVE,364ii,,dict:off_taxonomy
disodium tartrate,ADDITIVE,335ii,,dict:off_taxonomy
distarch glycerine,ADDITIVE,1430,,dict:off_taxonomy
distarch glycerol,ADDITIVE,1411,,dict:off_taxonomy
distarch phosphate,ADDITIVE,1412,,dict:off_taxonomy
distilled monoglycerides,ADDITIVE,471,,dict:additive_aliases
dl-alpha-tocopherol,ADDITIVE,307c,,dict:off_taxonomy
dodecyl gallate,ADDITIVE,312,,dict:off_taxonomy
ec 3.4,ADDITIVE,1101,,dict:off_taxonomy
element 17,ADDITIVE,925,,dict:off_taxonomy
element 18,ADDITIVE,938,,dict:off_taxonomy
element 2,ADDITIVE,939,,dict:off_taxonomy
element 8,ADDITIVE,948,,dict:off_taxonomy
emulsifier e472e,ADDITIVE,472e,,dict:off_taxonomy
emulsifier yn,ADDITIVE,442,,dict:off_taxonomy
enzymatically hydrolised cellulose gum,ADDITIVE,469,,dict:off_taxonomy
enzymatically hydrolysed carboxymethylcellulose,ADDITIVE,469,,dict:off_taxonomy
enzyme treated starch,ADDITIVE,1405,,dict:off_taxonomy
epsom salts,ADDITIVE,518,,dict:off_taxonomy
erythorbic acid,ADDITIVE,315,,dict:off_taxonomy
erythorbin acid,ADDITIVE,317,,dict:off_taxonomy
ester gum,ADDITIVE,445,,dict:additive_aliases
esters of colophane,ADDITIVE,915,,dict:off_taxonomy
esters of colophony,ADDITIVE,915,,dict:off_taxonomy
ethanoic acid,ADDITIVE,260,,dict:off_taxonomy
ethanol,ADDITIVE,1510,,dict:off_taxonomy
ethoxylated mono-and di-glycerides,ADDITIVE,488,,dict:off_taxonomy
ethoxyquin,ADDITIVE,324,,dict:off_taxonomy
ethulose,ADDITIVE,467,,dict:off_taxonomy
ethyl acetate,ADDITIVE,1504,,dict:off_taxonomy
ethyl alcohol,ADDITIVE,1510,,dict:off_taxonomy
ethyl cellulose,ADDITIVE,462,,dict:off_taxonomy
ethyl ethanoate,ADDITIVE,1504,,dict:off_taxonomy
ethyl gallate,ADDITIVE,313,,dict:off_taxonomy
ethyl hydrate,ADDITIVE,1510,,dict:off_taxonomy
ethyl hydroxide,ADDITIVE,1510,,dict:off_taxonomy
ethyl maltol,ADDITIVE,637,,dict:off_taxonomy
ethyl methyl cellulose,ADDITIVE,465,,dict:off_taxonomy
ethylcellulose,ADDITIVE,462,,dict:off_taxonomy
ethylenesuccinic acid,ADDITIVE,363,,dict:off_taxonomy
ethylmethylcellulose,ADDITIVE,465,,dict:off_taxonomy
extracts of rosemary,ADDITIVE,392,,dict:off_taxonomy
fatty acid,ADDITIVE,570,,dict:off_taxonomy
fatty acid esters of ascorbic acid,ADDITIVE,304,,dict:off_taxonomy
fatty acid methyl ester,ADDITIVE,911,,dict:off_taxonomy
fatty acids,ADDITIVE,570,,dict:off_taxonomy
ferric ammonium citrate,ADDITIVE,381,,dict:off_taxonomy
ferrous carbonate,ADDITIVE,505,,dict:off_taxonomy
ferrous gluconate,ADDITIVE,579,,dict:off_taxonomy
ferrous hexacyanomanganate,ADDITIVE,537,,dict:off_taxonomy
ferrous lactate,ADDITIVE,585,,dict:off_taxonomy
fischer-tropsch wax,ADDITIVE,905,,dict:off_taxonomy
fumaric acid,ADDITIVE,297,,dict:off_taxonomy
gamma-cyclodextrine,ADDITIVE,458,,dict:off_taxonomy
gamma-tocopherol,ADDITIVE,308,,dict:off_taxonomy
gamme-tocopherol,ADDITIVE,308,,dict:off_taxonomy
garrofin gum,ADDITIVE,410,,dict:off_taxonomy
gellan,ADDITIVE,418,,dict:off_taxonomy
gellan gum,ADDITIVE,418,,dict:additive_aliases
gelose,ADDITIVE,406,,dict:off_taxonomy
gluconic acid,ADDITIVE,574,,dict:off_taxonomy
glucono-delta-lactone,ADDITIVE,575,,dict:off_taxonomy
gluconolactone,ADDITIVE,575,,dict:off_taxonomy
glucose oxidase,ADDITIVE,1102,,dict:off_taxonomy
glutamate,ADDITIVE,621,,dict:off_taxonomy
glutamic acid,ADDITIVE,620,,dict:off_taxonomy
glycerin,ADDITIVE,422,,dict:additive_aliases
glycerin triacetate,ADDITIVE,1518,,dict:off_taxonomy
glycerine,ADDITIVE,422,,dict:additive_aliases
glycerol,ADDITIVE,422,,dict:additive_aliases
glycerol ester of gum rosin,ADDITIVE,445i,,dict:off_taxonomy
glycerol ester of tall oil rosin,ADDITIVE,445ii,,dict:off_taxonomy
glycerol ester of wood rosin,ADDITIVE,445,,dict:off_taxonomy
glycerol esters of wood rosin,ADDITIVE,445,,dict:additive_aliases
glyceryl abietate,ADDITIVE,445,,dict:off_taxonomy
glyceryl diacetate,ADDITIVE,1517,,dict:off_taxonomy
glyceryl monooleate,ADDITIVE,471,,dict:off_taxonomy
glyceryl monopalmitate,ADDITIVE,471,,dict:off_taxonomy
glyceryl monostearate,ADDITIVE,471,,dict:off_taxonomy
glyceryl triacetate,ADDITIVE,1518,,dict:off_taxonomy
glycine,ADDITIVE,640i,,dict:off_taxonomy
glycine and its sodium salt,ADDITIVE,640,,dict:off_taxonomy
guaiacum,ADDITIVE,314,,dict:off_taxonomy
guanosine monophosphate,ADDITIVE,626,,dict:off_taxonomy
guanylic acid,ADDITIVE,626,,dict:off_taxonomy
guar flour,ADDITIVE,412,,dict:off_taxonomy
guar gum,ADDITIVE,412,,dict:additive_aliases
gum acacia,ADDITIVE,414,,dict:additive_aliases
gum arabic,ADDITIVE,414,,dict:additive_aliases
gum cyamopsis,ADDITIVE,412,,dict:off_taxonomy
gum ghatti,ADDITIVE,419,,dict:off_taxonomy
gum karaya,ADDITIVE,416,,dict:off_taxonomy
gum sterculia,ADDITIVE,416,,dict:off_taxonomy
gypsum,ADDITIVE,516,,dict:off_taxonomy
hemimorphite,ADDITIVE,557,,dict:off_taxonomy
hexanedioic acid,ADDITIVE,355,,dict:off_taxonomy
household ammonia,ADDITIVE,527,,dict:off_taxonomy
hpmc,ADDITIVE,464,,dict:off_taxonomy
hydrated magnesium silicate,ADDITIVE,553b,,dict:off_taxonomy
hydrocarbon wax,ADDITIVE,905,,dict:off_taxonomy
hydrochloric acid,ADDITIVE,507,,dict:off_taxonomy
hydrogen chloride,ADDITIVE,507,,dict:off_taxonomy
hydrogenated poly-1-decene,ADDITIVE,907,,dict:off_taxonomy
hydrogenated polydec-1-ene,ADDITIVE,907,,dict:off_taxonomy
hydrogenated rapeseed oil superglycerinated,ADDITIVE,441,,dict:off_taxonomy
hydroxy propyl distarch glycerine,ADDITIVE,1441,,dict:off_taxonomy
hydroxy propyl distarch glycerol,ADDITIVE,1443,,dict:off_taxonomy
hydroxy propyl methyl cellulose,ADDITIVE,464,,dict:off_taxonomy
hydroxybutanedioic acid,ADDITIVE,296,,dict:off_taxonomy
hydroxypropyl cellulose,ADDITIVE,463,,dict:off_taxonomy
hydroxypropyl distarch phosphate,ADDITIVE,1442,,dict:off_taxonomy
hydroxypropyl methyl cellulose,ADDITIVE,464,,dict:off_taxonomy
hydroxypropyl methylcellulose,ADDITIVE,464,,dict:off_taxonomy
hydroxypropyl starch,ADDITIVE,1440,,dict:off_taxonomy
hydroxypropylcellulose,ADDITIVE,463,,dict:off_taxonomy
hydroxypropylmethylcellulose,ADDITIVE,464,,dict:off_taxonomy
hypromellose,ADDITIVE,464,,dict:off_taxonomy
inosinic acid,ADDITIVE,630,,dict:off_taxonomy
ins 414,ADDITIVE,414,,dict:off_taxonomy
ins 418,ADDITIVE,418,,dict:off_taxonomy
ins-418,ADDITIVE,418,,dict:off_taxonomy
ins414,ADDITIVE,414,,dict:off_taxonomy
ins418,ADDITIVE,418,,dict:off_taxonomy
invertase,ADDITIVE,1103,,dict:off_taxonomy
iron gluconate,ADDITIVE,579,,dict:off_taxonomy
iron-ii lactate,ADDITIVE,585,,dict:off_taxonomy
isoascorbic acid,ADDITIVE,315,,dict:off_taxonomy
isobutane,ADDITIVE,943b,,dict:off_taxonomy
isopropyl citrates,ADDITIVE,384,,dict:off_taxonomy
kadaya,ADDITIVE,416,,dict:off_taxonomy
kanten,ADDITIVE,406,,dict:off_taxonomy
kaolin,ADDITIVE,559,,dict:off_taxonomy
karaya,ADDITIVE,416,,dict:off_taxonomy
karaya-gum,ADDITIVE,416,,dict:off_taxonomy
katilo,ADDITIVE,416,,dict:off_taxonomy
konjac,ADDITIVE,425,,dict:off_taxonomy
konjac glucomannan,ADDITIVE,425ii,,dict:off_taxonomy
konjac gum,ADDITIVE,425i,,dict:off_taxonomy
konjak gum,ADDITIVE,425i,,dict:off_taxonomy
ktpp,ADDITIVE,451ii,,dict:off_taxonomy
kullo,ADDITIVE,416,,dict:off_taxonomy
l(+)-tartaric acid,ADDITIVE,334,,dict:off_taxonomy
l-ascorbic acid,ADDITIVE,300,,dict:off_taxonomy
l-ascorbyl palmitate,ADDITIVE,304i,,dict:off_taxonomy
l-cys,ADDITIVE,920,,dict:off_taxonomy
l-cysteine,ADDITIVE,920,,dict:off_taxonomy
l-cysteine hydrochloride,ADDITIVE,920,,dict:off_taxonomy
l-cysteine hydrochloride monohydrate,ADDITIVE,921,,dict:off_taxonomy
l-glutamic acid,ADDITIVE,620,,dict:off_taxonomy
"l-glutamic acid, monosodium salt",ADDITIVE,621,,dict:off_taxonomy
l-leucine,ADDITIVE,641,,dict:off_taxonomy
l-malic acid,ADDITIVE,296,,dict:off_taxonomy
lactic acid,ADDITIVE,270,,dict:additive_aliases
lanolin,ADDITIVE,913,,dict:off_taxonomy
lauric acid,ADDITIVE,570,,dict:off_taxonomy
lauric acid (c12),ADDITIVE,570,,dict:off_taxonomy
lecithin,ADDITIVE,322,,dict:additive_aliases
lecithin citrate,ADDITIVE,344,,dict:off_taxonomy
"lecithin, hydroxylated",ADDITIVE,322iii,,dict:off_taxonomy
lecithins,ADDITIVE,322,,dict:additive_aliases
leucine,ADDITIVE,641,,dict:off_taxonomy
linear fatty acids,ADDITIVE,570,,dict:off_taxonomy
lipase,ADDITIVE,1104,,dict:off_taxonomy
locust bean gum,ADDITIVE,410,,dict:additive_aliases
low-acyl clarified gellan gum,ADDITIVE,418ii,,dict:off_taxonomy
magnesia,ADDITIVE,530,,dict:off_taxonomy
magnesium carbonate,ADDITIVE,504i,,dict:off_taxonomy
magnesium carbonates,ADDITIVE,504,,dict:off_taxonomy
magnesium chloride,ADDITIVE,511,,dict:off_taxonomy
magnesium citrate,ADDITIVE,345,,dict:off_taxonomy
magnesium diglutamate,ADDITIVE,625,,dict:off_taxonomy
magnesium dihydrogen diphosphate,ADDITIVE,450ix,,dict:off_taxonomy
magnesium gluconate,ADDITIVE,580,,dict:off_taxonomy
magnesium hydrogen phosphate,ADDITIVE,343ii,,dict:off_taxonomy
magnesium hydroxide,ADDITIVE,528,,dict:off_taxonomy
magnesium hydroxide carbonate,ADDITIVE,504ii,,dict:off_taxonomy
magnesium lactate,ADDITIVE,329,,dict:off_taxonomy
magnesium oxide,ADDITIVE,530,,dict:off_taxonomy
magnesium phosphate,ADDITIVE,343i,,dict:off_taxonomy
magnesium phosphates,ADDITIVE,343,,dict:off_taxonomy
magnesium pyrophosphate,ADDITIVE,546,,dict:off_taxonomy
magnesium salts of fatty acids,ADDITIVE,470b,,dict:off_taxonomy
magnesium silicate,ADDITIVE,553,,dict:off_taxonomy
"magnesium silicate, synthetic",ADDITIVE,553i,,dict:off_taxonomy
magnesium silicates,ADDITIVE,553,,dict:off_taxonomy
magnesium stearate,ADDITIVE,572,,dict:off_taxonomy
magnesium sulfate,ADDITIVE,518,,dict:off_taxonomy
magnesium sulphate,ADDITIVE,518,,dict:off_taxonomy
magnesium trisilicate,ADDITIVE,553aii,,dict:off_taxonomy
magnesiumdihydrogenphosphate,ADDITIVE,343i,,dict:off_taxonomy
magnesiumhydrogenphosphate,ADDITIVE,343ii,,dict:off_taxonomy
magnesiumphosphate,ADDITIVE,343i,,dict:off_taxonomy
magnesiumphosphate-dibasic,ADDITIVE,343ii,,dict:off_taxonomy
malic acid,ADDITIVE,296,,dict:additive_aliases
maltol,ADDITIVE,636,,dict:off_taxonomy
metatartaric acid,ADDITIVE,353,,dict:off_taxonomy
methyl cellulose,ADDITIVE,461,,dict:off_taxonomy
methyl ethyl glycol,ADDITIVE,490,,dict:off_taxonomy
methyl glucoside-coconut oil ester,ADDITIVE,489,,dict:off_taxonomy
methylcarbinol,ADDITIVE,1510,,dict:off_taxonomy
methylcellulose,ADDITIVE,461,,dict:additive_aliases
methylethylene glycol,ADDITIVE,490,,dict:off_taxonomy
methylphenylpolysiloxane,ADDITIVE,900b,,dict:off_taxonomy
microcrystalline cellulose,ADDITIVE,460i,,dict:additive_aliases
microcrystalline wax,ADDITIVE,905ci,,dict:off_taxonomy
mineral oil,ADDITIVE,905a,,dict:off_taxonomy
mineral oil high viscosity,ADDITIVE,905d,,dict:off_taxonomy
mineral oil medium viscosity,ADDITIVE,905e,,dict:off_taxonomy
mixed ammonium salts of phosphorylated glycerides,ADDITIVE,442,,dict:off_taxonomy
mixed tocopherols,ADDITIVE,306,,dict:additive_aliases
modified corn starch,ADDITIVE,1400,,dict:additive_aliases
modified food starch,ADDITIVE,1400,,dict:additive_aliases
modified maize starch,ADDITIVE,1400,,dict:additive_aliases
modified starch,ADDITIVE,1400,,dict:additive_aliases
modified tapioca starch,ADDITIVE,1400,,dict:additive_aliases
mono and di-glycerides,ADDITIVE,471,,dict:additive_aliases
mono and diglycerides,ADDITIVE,471,,dict:additive_aliases
mono and diglycerides of fatty acids,ADDITIVE,471,,dict:additive_aliases
mono starch acetate,ADDITIVE,1421,,dict:off_taxonomy
mono-and di-glycerides of fatty acids,ADDITIVE,471,,dict:additive_aliases
mono-and diacetyl tartaric acid esters,ADDITIVE,472e,,dict:additive_aliases
mono-and diacetyl tartaric acid esters of mono-and diglycerides,ADDITIVE,472e,,dict:additive_aliases
mono-and diacetyl tartaric acid esters of mono-and diglycerides of fatty acids,ADDITIVE,472e,,dict:additive_aliases
mono-and diglycerides,ADDITIVE,471,,dict:additive_aliases
mono-and diglycerides of fatty acids,ADDITIVE,471,,dict:off_taxonomy
mono-calcium phosphate,ADDITIVE,341i,,dict:off_taxonomy
monoammonium glutamate,ADDITIVE,624,,dict:off_taxonomy
monoammonium phosphate,ADDITIVE,342,,dict:off_taxonomy
monobasic,ADDITIVE,343i,,dict:off_taxonomy
monobasic calcium phosphate,ADDITIVE,341i,,dict:off_taxonomy
monobasic potassium phosphate,ADDITIVE,340i,,dict:off_taxonomy
monobasic sodium phosphate,ADDITIVE,339i,,dict:off_taxonomy
monocalcium citrate,ADDITIVE,333i,,dict:off_taxonomy
monocalcium phosphate,ADDITIVE,341i,,dict:additive_aliases
monoglycerides,ADDITIVE,471,,dict:additive_aliases
monomagnesium phosphate,ADDITIVE,343i,,dict:off_taxonomy
monoolein,ADDITIVE,471,,dict:off_taxonomy
monopalmitin,ADDITIVE,471,,dict:off_taxonomy
monopotassic tartrate,ADDITIVE,336i,,dict:off_taxonomy
monopotassium citrate,ADDITIVE,332i,,dict:off_taxonomy
monopotassium glutamate,ADDITIVE,622,,dict:off_taxonomy
monopotassium monophosphate,ADDITIVE,340i,,dict:off_taxonomy
monopotassium phosphate,ADDITIVE,340i,,dict:off_taxonomy
monopotassium tartrate,ADDITIVE,336i,,dict:off_taxonomy
monosodium citrate,ADDITIVE,331i,,dict:off_taxonomy
monosodium glutamate,ADDITIVE,621,,dict:additive_aliases
monosodium l-glutamate,ADDITIVE,621,,dict:off_taxonomy
monosodium monophosphate,ADDITIVE,339i,,dict:off_taxonomy
monosodium orthophosphate,ADDITIVE,339i,,dict:off_taxonomy
monosodium phosphate,ADDITIVE,339i,,dict:off_taxonomy
monosodium succinate,ADDITIVE,364i,,dict:off_taxonomy
monosodium tartrate,ADDITIVE,335i,,dict:off_taxonomy
monostarch phosphate,ADDITIVE,1410,,dict:off_taxonomy
monostearin,ADDITIVE,471,,dict:off_taxonomy
montan acid esters,ADDITIVE,912,,dict:off_taxonomy
montanic acid esters,ADDITIVE,912,,dict:off_taxonomy
mother of satan,ADDITIVE,929,,dict:off_taxonomy
msg,ADDITIVE,621,,dict:additive_aliases
msg fine,ADDITIVE,621,,dict:off_taxonomy
multi-hydrocarbon,ADDITIVE,905b,,dict:off_taxonomy
murillo bark extract,ADDITIVE,999,,dict:off_taxonomy
myristic acid,ADDITIVE,570,,dict:off_taxonomy
myristic acid (c14),ADDITIVE,570,,dict:off_taxonomy
nacmc,ADDITIVE,466,,dict:off_taxonomy
nads,ADDITIVE,487,,dict:off_taxonomy
natural mixed tocopherols,ADDITIVE,306,,dict:off_taxonomy
natural tocopherols,ADDITIVE,306,,dict:off_taxonomy
neutral methacrylate copolymer,ADDITIVE,1206,,dict:off_taxonomy
nicotinamide,ADDITIVE,375,,dict:off_taxonomy
nicotinic acid,ADDITIVE,375,,dict:off_taxonomy
nitrogen e941,ADDITIVE,941,,dict:off_taxonomy
nitrogen oxide,ADDITIVE,932,,dict:off_taxonomy
nitrogen oxides,ADDITIVE,918,,dict:off_taxonomy
nitrosyl chloride,ADDITIVE,919,,dict:off_taxonomy
nitrous oxide,ADDITIVE,942,,dict:off_taxonomy
non-amidated pectines,ADDITIVE,440i,,dict:off_taxonomy
oat lecithin,ADDITIVE,322a,,dict:off_taxonomy
octafluorocyclobutane,ADDITIVE,946,,dict:off_taxonomy
octyl ester of gallic acid,ADDITIVE,311,,dict:off_taxonomy
octyl gallate,ADDITIVE,311,,dict:off_taxonomy
oil of vitriol,ADDITIVE,513,,dict:off_taxonomy
oligoesters of sucrose,ADDITIVE,473a,,dict:off_taxonomy
oligoesters of sucrose type i,ADDITIVE,473a,,dict:off_taxonomy
oligoesters of sucrose type ii,ADDITIVE,473a,,dict:off_taxonomy
orthophosphoric acid,ADDITIVE,338,,dict:off_taxonomy
oxidised polyethylene wax,ADDITIVE,914,,dict:off_taxonomy
oxidised starch,ADDITIVE,1404,,dict:off_taxonomy
palmitic acid,ADDITIVE,570,,dict:off_taxonomy
palmitic acid (c16),ADDITIVE,570,,dict:off_taxonomy
panama bark extract,ADDITIVE,999,,dict:off_taxonomy
paraffin wax,ADDITIVE,905cii,,dict:off_taxonomy
paratartaric acid,ADDITIVE,334,,dict:off_taxonomy
partially hydrolyzed lecithin,ADDITIVE,322ii,,dict:off_taxonomy
pectin,ADDITIVE,440,,dict:additive_aliases
pectin amide,ADDITIVE,440b,,dict:off_taxonomy
pectins,ADDITIVE,440,,dict:off_taxonomy
peg(20)sorbitan monolaurate,ADDITIVE,432,,dict:off_taxonomy
pentapotassium triphosphate,ADDITIVE,451ii,,dict:off_taxonomy
pentasodium triphosphate,ADDITIVE,451i,,dict:off_taxonomy
pentasodium tripolyphosphate,ADDITIVE,451i,,dict:off_taxonomy
peptidase,ADDITIVE,1101,,dict:off_taxonomy
peptone,ADDITIVE,429,,dict:off_taxonomy
peroxyacetone,ADDITIVE,929,,dict:off_taxonomy
peruvian carob gum,ADDITIVE,410,,dict:off_taxonomy
petrolatum,ADDITIVE,905b,,dict:off_taxonomy
petroleum jelly,ADDITIVE,905b,,dict:off_taxonomy
petroleum wax,ADDITIVE,905c,,dict:off_taxonomy
pgpr,ADDITIVE,476,,dict:off_taxonomy
phenylcarbinol,ADDITIVE,1519,,dict:off_taxonomy
phenylmethyl alcohol,ADDITIVE,1519,,dict:off_taxonomy
phosphated distarch phosphate,ADDITIVE,1413,,dict:off_taxonomy
phosphatides,ADDITIVE,322,,dict:off_taxonomy
phosphoric acid,ADDITIVE,338,,dict:off_taxonomy
phosphoric(v) acid,ADDITIVE,338,,dict:off_taxonomy
phytic acid,ADDITIVE,391,,dict:off_taxonomy
polydextrose,ADDITIVE,1200,,dict:off_taxonomy
polydimethyl siloxane,ADDITIVE,900a,,dict:off_taxonomy
polydimethylsiloxane,ADDITIVE,900a,,dict:off_taxonomy
polyethylene glycol,ADDITIVE,1521,,dict:off_taxonomy
polyglycerol esters of fatty acids,ADDITIVE,475,,dict:off_taxonomy
polyglycerol fatty acid esters,ADDITIVE,475,,dict:off_taxonomy
polyglycerol polyricinoleate,ADDITIVE,476,,dict:off_taxonomy
polyoxyethylene (40) stearate,ADDITIVE,431,,dict:off_taxonomy
polyoxyethylene (8) stearate,ADDITIVE,430,,dict:off_taxonomy
polyoxyethylene sorbitan monolaurate,ADDITIVE,432,,dict:off_taxonomy
polyoxyethylene sorbitan monooleate,ADDITIVE,433,,dict:off_taxonomy
polyoxyethylene sorbitan monopalmitate,ADDITIVE,434,,dict:off_taxonomy
polyoxyethylene sorbitan monostearate,ADDITIVE,435,,dict:off_taxonomy
polyoxyethylene sorbitan tristearate,ADDITIVE,436,,dict:off_taxonomy
polyoxyl (40) stearate,ADDITIVE,431,,dict:off_taxonomy
polyphosphate e452,ADDITIVE,452,,dict:off_taxonomy
polyphosphates,ADDITIVE,452,,dict:off_taxonomy
polysorbate 20,ADDITIVE,432,,dict:off_taxonomy
polysorbate 40,ADDITIVE,434,,dict:off_taxonomy
polysorbate 60,ADDITIVE,435,,dict:off_taxonomy
polysorbate 65,ADDITIVE,436,,dict:off_taxonomy
polysorbate 80,ADDITIVE,433,,dict:additive_aliases
polyvinyl alcohol,ADDITIVE,1203,,dict:off_taxonomy
polyvinyl alcohol-polyethylene glycol-graft-co-polymer,ADDITIVE,1209,,dict:off_taxonomy
polyvinylpolypyrrolidone,ADDITIVE,1202,,dict:off_taxonomy
polyvinylpyrrolidone,ADDITIVE,1201,,dict:off_taxonomy
polyvinylpyrrolidone-vinyl acetate copolymer,ADDITIVE,1208,,dict:off_taxonomy
potash alum,ADDITIVE,522,,dict:off_taxonomy
potassium acetate,ADDITIVE,261,,dict:off_taxonomy
potassium adipate,ADDITIVE,357,,dict:off_taxonomy
potassium alginate,ADDITIVE,402,,dict:off_taxonomy
potassium alum,ADDITIVE,522,,dict:off_taxonomy
potassium aluminium silicate,ADDITIVE,555,,dict:off_taxonomy
potassium aluminium sulfate,ADDITIVE,522,,dict:off_taxonomy
potassium ascorbate,ADDITIVE,303,,dict:off_taxonomy
potassium bicarbonate,ADDITIVE,501ii,,dict:off_taxonomy
potassium bisulphate,ADDITIVE,515ii,,dict:off_taxonomy
potassium bitartrate,ADDITIVE,336i,,dict:off_taxonomy
potassium bromate,ADDITIVE,924,,dict:off_taxonomy
potassium carbonate,ADDITIVE,501i,,dict:off_taxonomy
potassium carbonates,ADDITIVE,501,,dict:off_taxonomy
potassium chloride,ADDITIVE,508,,dict:off_taxonomy
potassium citrate,ADDITIVE,332ii,,dict:off_taxonomy
potassium citrates,ADDITIVE,332,,dict:off_taxonomy
potassium diacetate,ADDITIVE,261ii,,dict:off_taxonomy
potassium ferrocyanide,ADDITIVE,536,,dict:off_taxonomy
potassium fumarate,ADDITIVE,366,,dict:off_taxonomy
potassium gluconate,ADDITIVE,577,,dict:off_taxonomy
potassium glutamate,ADDITIVE,622,,dict:off_taxonomy
potassium guanylate,ADDITIVE,628,,dict:off_taxonomy
potassium hydrogen carbonate,ADDITIVE,501ii,,dict:off_taxonomy
potassium hydrogen malate,ADDITIVE,351i,,dict:off_taxonomy
potassium hydrogen sulphate,ADDITIVE,515ii,,dict:off_taxonomy
potassium hydrogen tartrate,ADDITIVE,336i,,dict:off_taxonomy
potassium hydroxide,ADDITIVE,525,,dict:off_taxonomy
potassium inosinate,ADDITIVE,632,,dict:off_taxonomy
potassium iodate,ADDITIVE,917,,dict:off_taxonomy
potassium lactate,ADDITIVE,326,,dict:off_taxonomy
potassium malate,ADDITIVE,351,,dict:off_taxonomy
potassium metaphosphate,ADDITIVE,452ii,,dict:off_taxonomy
potassium pectate,ADDITIVE,440aiii,,dict:off_taxonomy
potassium persulfate,ADDITIVE,922,,dict:off_taxonomy
potassium phosphate,ADDITIVE,340,,dict:off_taxonomy
potassium phosphates,ADDITIVE,340,,dict:off_taxonomy
potassium polymetaphosphate,ADDITIVE,452ii,,dict:off_taxonomy
potassium polyphosphate,ADDITIVE,452ii,,dict:off_taxonomy
potassium salts of fatty acids,ADDITIVE,470aii,,dict:off_taxonomy
potassium silicate,ADDITIVE,560,,dict:off_taxonomy
potassium sodium tartrate,ADDITIVE,337,,dict:off_taxonomy
potassium sulfate,ADDITIVE,515,,dict:off_taxonomy
potassium sulfates,ADDITIVE,515,,dict:off_taxonomy
potassium sulphate,ADDITIVE,515i,,dict:off_taxonomy
potassium sulphates,ADDITIVE,515,,dict:off_taxonomy
potassium tartrate,ADDITIVE,336ii,,dict:off_taxonomy
potassium tartrates,ADDITIVE,336,,dict:off_taxonomy
potassium triphosphate,ADDITIVE,451ii,,dict:off_taxonomy
potassium tripolyphosphate,ADDITIVE,451ii,,dict:off_taxonomy
povidone,ADDITIVE,1201,,dict:off_taxonomy
powdered cellulose,ADDITIVE,460ii,,dict:off_taxonomy
processed eucheuma seaweed,ADDITIVE,407a,,dict:off_taxonomy
"propan-1,2-diol",ADDITIVE,1520,,dict:off_taxonomy
propane,ADDITIVE,944,,dict:off_taxonomy
"propane-1,2-diol",ADDITIVE,1520,,dict:off_taxonomy
"propane-1,2-diol alginate",ADDITIVE,405,,dict:off_taxonomy
"propane-1,2-diol esters of fatty acids",ADDITIVE,477,,dict:off_taxonomy
propellent gas e942,ADDITIVE,942,,dict:off_taxonomy
propyl ester of gallic acid,ADDITIVE,310,,dict:off_taxonomy
propyl gallate,ADDITIVE,310,,dict:off_taxonomy
propylene glycol,ADDITIVE,1520,,dict:off_taxonomy
propylene glycol alginate,ADDITIVE,405,,dict:off_taxonomy
protease,ADDITIVE,1101,,dict:off_taxonomy
protease from streptomyces fradiae,ADDITIVE,1101v,,dict:off_taxonomy
proteases from bacillus subtilis,ADDITIVE,1101vi,,dict:off_taxonomy
proteinase,ADDITIVE,1101,,dict:off_taxonomy
pullulan,ADDITIVE,1204,,dict:off_taxonomy
purified cellulose,ADDITIVE,460ii,,dict:off_taxonomy
pval,ADDITIVE,1203,,dict:off_taxonomy
pvoh,ADDITIVE,1203,,dict:off_taxonomy
pyrophosphate,ADDITIVE,450,,dict:off_taxonomy
quillai extract,ADDITIVE,999,,dict:off_taxonomy
quillaia,ADDITIVE,999,,dict:off_taxonomy
quillaia extract,ADDITIVE,999,,dict:off_taxonomy
quillaia extract type 1,ADDITIVE,999i,,dict:off_taxonomy
quillaia extract type 2,ADDITIVE,999ii,,dict:off_taxonomy
quillay bark extract,ADDITIVE,999,,dict:off_taxonomy
racemic acid,ADDITIVE,334,,dict:off_taxonomy
rapeseed lecithin,ADDITIVE,322,,dict:additive_aliases
rice bran wax,ADDITIVE,908,,dict:off_taxonomy
rosemary extract,ADDITIVE,392,,dict:additive_aliases
sal volatile,ADDITIVE,503ii,,dict:off_taxonomy
salmiac,ADDITIVE,510,,dict:off_taxonomy
salt of hartshorn,ADDITIVE,503ii,,dict:off_taxonomy
sapp,ADDITIVE,450i,,dict:off_taxonomy
secondary potassium phosphate,ADDITIVE,340ii,,dict:off_taxonomy
secondary sodium phosphate,ADDITIVE,339ii,,dict:off_taxonomy
selenite,ADDITIVE,516,,dict:off_taxonomy
sheep wool grease,ADDITIVE,913,,dict:off_taxonomy
shellac,ADDITIVE,904,,dict:off_taxonomy
silica,ADDITIVE,551,,dict:off_taxonomy
silicon dioxide,ADDITIVE,551,,dict:additive_aliases
silicone fluid,ADDITIVE,900a,,dict:off_taxonomy
silicone oil,ADDITIVE,900a,,dict:off_taxonomy
sio2,ADDITIVE,551,,dict:off_taxonomy
slaked lime,ADDITIVE,526,,dict:off_taxonomy
soapbark extract,ADDITIVE,999,,dict:off_taxonomy
soda alum,ADDITIVE,521,,dict:off_taxonomy
sodium acetate,ADDITIVE,262i,,dict:off_taxonomy
sodium acetates,ADDITIVE,262,,dict:off_taxonomy
sodium acid carbonate,ADDITIVE,500ii,,dict:off_taxonomy
sodium acid pyrophosphate,ADDITIVE,450i,,dict:additive_aliases
sodium adipate,ADDITIVE,356,,dict:off_taxonomy
sodium alginate,ADDITIVE,401,,dict:additive_aliases
sodium aluminium phosphate,ADDITIVE,541,,dict:off_taxonomy
sodium aluminium silicate,ADDITIVE,554,,dict:off_taxonomy
sodium aluminium sulfate,ADDITIVE,521,,dict:off_taxonomy
sodium aluminosilicate,ADDITIVE,554,,dict:off_taxonomy
sodium ascorbate,ADDITIVE,301,,dict:additive_aliases
sodium bicarbonate,ADDITIVE,500ii,,dict:additive_aliases
sodium bisulfate,ADDITIVE,514ii,,dict:off_taxonomy
sodium bisulphate,ADDITIVE,514ii,,dict:off_taxonomy
sodium calcium polyphosphate,ADDITIVE,452iii,,dict:off_taxonomy
sodium carbonate,ADDITIVE,500i,,dict:off_taxonomy
sodium carbonates,ADDITIVE,500,,dict:off_taxonomy
sodium carboxy methyl cellulose,ADDITIVE,466,,dict:off_taxonomy
sodium carboxymethylcellulose,ADDITIVE,466,,dict:off_taxonomy
sodium citrate,ADDITIVE,331,,dict:additive_aliases
sodium citrates,ADDITIVE,331,,dict:additive_aliases
sodium dehydroacetate,ADDITIVE,266,,dict:off_taxonomy
sodium diacetate,ADDITIVE,262ii,,dict:additive_aliases
sodium dodecyl sulfate,ADDITIVE,487,,dict:off_taxonomy
sodium erythorbate,ADDITIVE,316,,dict:additive_aliases
sodium ferrocyanide,ADDITIVE,535,,dict:off_taxonomy
sodium fumarate,ADDITIVE,365,,dict:off_taxonomy
sodium gluconate,ADDITIVE,576,,dict:off_taxonomy
sodium glutamate,ADDITIVE,621,,dict:off_taxonomy
sodium guanylate,ADDITIVE,627,,dict:off_taxonomy
sodium hexametaphosphate,ADDITIVE,452i,,dict:additive_aliases
sodium hydrogen carbonate,ADDITIVE,500ii,,dict:additive_aliases
sodium hydrogen malate,ADDITIVE,350ii,,dict:off_taxonomy
sodium hydrogen sulphate,ADDITIVE,514ii,,dict:off_taxonomy
sodium hydroxide,ADDITIVE,524,,dict:off_taxonomy
sodium inosinate,ADDITIVE,631,,dict:off_taxonomy
sodium l-ascorbate,ADDITIVE,301,,dict:off_taxonomy
sodium lactate,ADDITIVE,325,,dict:off_taxonomy
sodium laurilsulfate,ADDITIVE,487,,dict:off_taxonomy
sodium lauryl sulfate,ADDITIVE,487,,dict:off_taxonomy
sodium malate,ADDITIVE,350i,,dict:off_taxonomy
sodium malates,ADDITIVE,350,,dict:off_taxonomy
sodium metasilicate,ADDITIVE,550ii,,dict:off_taxonomy
sodium oleyl lactylate,ADDITIVE,481ii,,dict:off_taxonomy
sodium pectate,ADDITIVE,440aii,,dict:off_taxonomy
sodium phosphate,ADDITIVE,339,,dict:additive_aliases
sodium phosphates,ADDITIVE,339,,dict:off_taxonomy
sodium polymetaphosphate,ADDITIVE,452i,,dict:off_taxonomy
sodium polyphosphate,ADDITIVE,452i,,dict:off_taxonomy
sodium potassium triphosphate,ADDITIVE,451iii,,dict:off_taxonomy
sodium pyrophosphate,ADDITIVE,450iii,,dict:off_taxonomy
sodium salts of fatty acids,ADDITIVE,470ai,,dict:off_taxonomy
sodium sesquicarbonate,ADDITIVE,500iii,,dict:off_taxonomy
sodium silicate,ADDITIVE,550,,dict:off_taxonomy
sodium silicoaluminate,ADDITIVE,554,,dict:off_taxonomy
sodium stearoyl fumarate,ADDITIVE,485,,dict:off_taxonomy
sodium stearoyl lactylate,ADDITIVE,481,,dict:additive_aliases
sodium stearoyl-2-lactylate,ADDITIVE,481,,dict:additive_aliases
sodium succinates,ADDITIVE,364,,dict:off_taxonomy
sodium sulphate,ADDITIVE,514i,,dict:off_taxonomy
sodium sulphates,ADDITIVE,514,,dict:off_taxonomy
sodium tartrates,ADDITIVE,335,,dict:off_taxonomy
sodium thiosulfate,ADDITIVE,539,,dict:off_taxonomy
sodium triphosphate,ADDITIVE,451i,,dict:off_taxonomy
sodium tripolyphosphate,ADDITIVE,451i,,dict:additive_aliases
sodium/potassium and calcium salts of fatty acids,ADDITIVE,470a,,dict:off_taxonomy
sodium/potassium/calcium and magnesium salts of fatty acids,ADDITIVE,470,,dict:off_taxonomy
sodiumglycinate,ADDITIVE,640ii,,dict:off_taxonomy
soft paraffin,ADDITIVE,905b,,dict:off_taxonomy
sorbitan monolaurate,ADDITIVE,493,,dict:off_taxonomy
sorbitan monooleate,ADDITIVE,494,,dict:off_taxonomy
sorbitan monopalmitate,ADDITIVE,495,,dict:off_taxonomy
sorbitan monostearate,ADDITIVE,491,,dict:off_taxonomy
sorbitan trioleate,ADDITIVE,496,,dict:off_taxonomy
sorbitan tristearate,ADDITIVE,492,,dict:off_taxonomy
soy lecithin,ADDITIVE,322,,dict:additive_aliases
soy lecithins,ADDITIVE,322,,dict:additive_aliases
soya lecithin,ADDITIVE,322,,dict:additive_aliases
soya lecithins,ADDITIVE,322,,dict:additive_aliases
soybean hemicellulose,ADDITIVE,426,,dict:off_taxonomy
spermaceti,ADDITIVE,909,,dict:off_taxonomy
spiramycin,ADDITIVE,710,,dict:off_taxonomy
spirit of amber,ADDITIVE,363,,dict:off_taxonomy
stannous chloride,ADDITIVE,512,,dict:off_taxonomy
starch acetate esterified with vinyl acetate,ADDITIVE,1421,,dict:off_taxonomy
starch aluminium octenyl succinate,ADDITIVE,1452,,dict:off_taxonomy
starch sodium octenyl succinate,ADDITIVE,1450,,dict:off_taxonomy
stearic acid,ADDITIVE,570,,dict:off_taxonomy
stearic acid (c18),ADDITIVE,570,,dict:off_taxonomy
stearyl citrate,ADDITIVE,484,,dict:off_taxonomy
stearyl palmityl tartrate,ADDITIVE,483,,dict:off_taxonomy
stearyl tartrate,ADDITIVE,483,,dict:off_taxonomy
sterculia,ADDITIVE,416,,dict:off_taxonomy
succinate,ADDITIVE,363,,dict:off_taxonomy
succinic acid,ADDITIVE,363,,dict:off_taxonomy
succinylated monoglycerides,ADDITIVE,472g,,dict:off_taxonomy
succistearin,ADDITIVE,446,,dict:off_taxonomy
sucroesters,ADDITIVE,473,,dict:off_taxonomy
sucroglyceride,ADDITIVE,474,,dict:off_taxonomy
sucroglycerides,ADDITIVE,474,,dict:off_taxonomy
sucrose acetate isobutyrate,ADDITIVE,444,,dict:off_taxonomy
sucrose esters,ADDITIVE,473,,dict:off_taxonomy
sucrose esters of fatty acids,ADDITIVE,473,,dict:off_taxonomy
sugar ester,ADDITIVE,473,,dict:off_taxonomy
sulfuric acid,ADDITIVE,513,,dict:off_taxonomy
sulphuric acid,ADDITIVE,513,,dict:off_taxonomy
sunflower lecithin,ADDITIVE,322,,dict:additive_aliases
sunflower lecithins,ADDITIVE,322,,dict:additive_aliases
superglycerinated fully hydrogenated rapeseed oil,ADDITIVE,441,,dict:off_taxonomy
superglycerinated hydrogenated rapeseed oil,ADDITIVE,441,,dict:off_taxonomy
sylvine,ADDITIVE,508,,dict:off_taxonomy
synonyms l-xylo-ascorbic acid,ADDITIVE,300,,dict:off_taxonomy
synthetic magnesium silicate,ADDITIVE,553ai,,dict:off_taxonomy
synthetic magnesium silicates,ADDITIVE,553a,,dict:off_taxonomy
synthetic wax,ADDITIVE,905,,dict:off_taxonomy
talc,ADDITIVE,553b,,dict:off_taxonomy
talcum,ADDITIVE,553b,,dict:off_taxonomy
tara gum,ADDITIVE,417,,dict:off_taxonomy
tartaric acid,ADDITIVE,334,,dict:off_taxonomy
tbhq,ADDITIVE,319,,dict:additive_aliases
"tert-butyl-1,4-benzenediol",ADDITIVE,319,,dict:off_taxonomy
tert-butylhydroquinone,ADDITIVE,319,,dict:off_taxonomy
tertiary butylhydroquinone,ADDITIVE,319,,dict:off_taxonomy
tertiary-butylhydroquinone (tbhq),ADDITIVE,319,,dict:off_taxonomy
tetrapotassium diphosphate,ADDITIVE,450v,,dict:off_taxonomy
tetrapotassium pyrophosphate,ADDITIVE,450v,,dict:off_taxonomy
tetrasodium diphosphate,ADDITIVE,450iii,,dict:off_taxonomy
tetrasodium disphosphate,ADDITIVE,450iii,,dict:off_taxonomy
tetrasodium pyrophosphate,ADDITIVE,450iii,,dict:additive_aliases
thiodipropionic acid,ADDITIVE,388,,dict:off_taxonomy
threaric acid,ADDITIVE,334,,dict:off_taxonomy
tin chloride,ADDITIVE,512,,dict:off_taxonomy
tin(ii) chloride,ADDITIVE,512,,dict:off_taxonomy
tocopherol-rich extract,ADDITIVE,306,,dict:off_taxonomy
tocopherols,ADDITIVE,306,,dict:additive_aliases
tragacanth,ADDITIVE,413,,dict:off_taxonomy
tragacanth gum,ADDITIVE,413,,dict:off_taxonomy
trans-butenedioic acid,ADDITIVE,297,,dict:off_taxonomy
tri potassium citrate,ADDITIVE,332ii,,dict:off_taxonomy
tri sodium citrate,ADDITIVE,331iii,,dict:off_taxonomy
tri-calcium phosphate,ADDITIVE,341iii,,dict:off_taxonomy
tri-calciumcitrate,ADDITIVE,333iii,,dict:off_taxonomy
tri-potassium citrate,ADDITIVE,332ii,,dict:off_taxonomy
tri-sodium citrate,ADDITIVE,331iii,,dict:off_taxonomy
triacetin,ADDITIVE,1518,,dict:off_taxonomy
triacetone triperoxide,ADDITIVE,929,,dict:off_taxonomy
triammonium citrate,ADDITIVE,380,,dict:off_taxonomy
tribasic potassium phosphate,ADDITIVE,340iii,,dict:off_taxonomy
tribasic sodium phosphate,ADDITIVE,339iii,,dict:off_taxonomy
tricalcium citrate,ADDITIVE,333iii,,dict:off_taxonomy
tricalcium phosphate,ADDITIVE,341iii,,dict:off_taxonomy
tricalciumphosphate,ADDITIVE,341iii,,dict:off_taxonomy
"triethyl 2-hydroxypropane-1,2,3-tricarboxylate",ADDITIVE,1505,,dict:off_taxonomy
triethyl citrate,ADDITIVE,1505,,dict:off_taxonomy
trimagnesium phosphate,ADDITIVE,343iii,,dict:off_taxonomy
triphosphate,ADDITIVE,451,,dict:off_taxonomy
triphosphates,ADDITIVE,451,,dict:off_taxonomy
tripotassium citrate,ADDITIVE,332ii,,dict:off_taxonomy
tripotassium phosphate,ADDITIVE,340iii,,dict:off_taxonomy
trisodium citrate,ADDITIVE,331iii,,dict:additive_aliases
trisodium diphosphate,ADDITIVE,450ii,,dict:off_taxonomy
trisodium phosphate,ADDITIVE,339iii,,dict:additive_aliases
tryptone,ADDITIVE,429,,dict:off_taxonomy
tspp,ADDITIVE,450iii,,dict:off_taxonomy
tween 20,ADDITIVE,432,,dict:off_taxonomy
tylosin,ADDITIVE,713,,dict:off_taxonomy
urea,ADDITIVE,927b,,dict:off_taxonomy
uvic acid,ADDITIVE,334,,dict:off_taxonomy
vegetable glycerin,ADDITIVE,422,,dict:off_taxonomy
vegetable glycerine,ADDITIVE,422,,dict:off_taxonomy
vinyl alcohol polymer,ADDITIVE,1203,,dict:off_taxonomy
washing soda,ADDITIVE,500i,,dict:off_taxonomy
wax ester,ADDITIVE,910,,dict:off_taxonomy
white and yellow beeswax,ADDITIVE,901,,dict:off_taxonomy
white beeswax,ADDITIVE,901,,dict:off_taxonomy
white petrolatum,ADDITIVE,905b,,dict:off_taxonomy
white wax,ADDITIVE,901,,dict:off_taxonomy
wool grease,ADDITIVE,913,,dict:off_taxonomy
wool wax,ADDITIVE,913,,dict:off_taxonomy
xanthan,ADDITIVE,415,,dict:off_taxonomy
xanthan gum,ADDITIVE,415,,dict:additive_aliases
yellow beeswax,ADDITIVE,901,,dict:off_taxonomy
yellow prussiate of lime,ADDITIVE,538,,dict:off_taxonomy
yellow prussiate of potash,ADDITIVE,536,,dict:off_taxonomy
yellow prussiate of soda,ADDITIVE,535,,dict:off_taxonomy
zinc acetate,ADDITIVE,650,,dict:off_taxonomy
α-propylene glycol,ADDITIVE,490,,dict:off_taxonomy
δ-tocopherol,ADDITIVE,309,,dict:off_taxonomy
achiote,COLOUR,160b,,dict:off_taxonomy
acid blue 3,COLOUR,131,,dict:off_taxonomy
acid red 14,COLOUR,122,,dict:off_taxonomy
acid-proof caramel,COLOUR,150d,,dict:off_taxonomy
algal carotenes,COLOUR,160aiv,,dict:off_taxonomy
alkannin,COLOUR,103,,dict:off_taxonomy
allura red,COLOUR,129,,dict:off_taxonomy
allura red ac,COLOUR,129,,dict:off_taxonomy
alpha-naphthol,COLOUR,111,,dict:off_taxonomy
alpha-naphthol orange,COLOUR,111,,dict:off_taxonomy
alpha-naphtol,COLOUR,111,,dict:off_taxonomy
aluminum,COLOUR,173,,dict:off_taxonomy
ammonia caramel,COLOUR,150c,,dict:off_taxonomy
annatto,COLOUR,160b,,dict:additive_aliases
annatto bixin,COLOUR,160b,,dict:off_taxonomy
annatto color,COLOUR,160b,,dict:additive_aliases
annatto extract,COLOUR,160b,,dict:additive_aliases
annatto norbixin,COLOUR,160b,,dict:off_taxonomy
anthocyanin,COLOUR,163,,dict:off_taxonomy
anthocyanins,COLOUR,163,,dict:off_taxonomy
apo carotenal,COLOUR,160e,,dict:off_taxonomy
apocarotenal,COLOUR,160e,,dict:off_taxonomy
apocarotenal color,COLOUR,160e,,dict:off_taxonomy
astaxanthin,COLOUR,161j,,dict:off_taxonomy
azorubin s,COLOUR,122,,dict:off_taxonomy
azorubine,COLOUR,122,,dict:off_taxonomy
b-carotene,COLOUR,160ai,,dict:off_taxonomy
baker's caramel,COLOUR,150c,,dict:off_taxonomy
beer caramel,COLOUR,150c,,dict:off_taxonomy
beetroot red,COLOUR,162,,dict:additive_aliases
beta carotene,COLOUR,160a,,dict:additive_aliases
beta-apo-8'-carotenal,COLOUR,160e,,dict:off_taxonomy
beta-apo-8′-carotenal (c30),COLOUR,160e,,dict:off_taxonomy
beta-carotene,COLOUR,160a,,dict:additive_aliases
beta-carotene color,COLOUR,160ai,,dict:off_taxonomy
beta-carotene from blakeslea trispora,COLOUR,160aiii,,dict:off_taxonomy
betanin,COLOUR,162,,dict:off_taxonomy
bixin,COLOUR,160b,,dict:off_taxonomy
black 7984,COLOUR,152,,dict:off_taxonomy
black iron oxide,COLOUR,172i,,dict:off_taxonomy
black pn,COLOUR,151,,dict:off_taxonomy
blue 1,COLOUR,133,,dict:additive_aliases
blue 1 lake,COLOUR,133,,dict:additive_aliases
blue 2,COLOUR,132,,dict:additive_aliases
blue 2 lake,COLOUR,132,,dict:off_taxonomy
brillantcarmoisin o,COLOUR,122,,dict:off_taxonomy
brilliant black a,COLOUR,151,,dict:off_taxonomy
brilliant black bn,COLOUR,151,,dict:off_taxonomy
brilliant black pn,COLOUR,151,,dict:off_taxonomy
brilliant blue fcf,COLOUR,133,,dict:off_taxonomy
brilliant scarlet 4r,COLOUR,124,,dict:off_taxonomy
brown fk,COLOUR,154,,dict:off_taxonomy
brown ht,COLOUR,155,,dict:off_taxonomy
c-blau 20,COLOUR,131,,dict:off_taxonomy
c.i. 14700,COLOUR,125,,dict:off_taxonomy
c.i. 14720,COLOUR,122,,dict:off_taxonomy
c.i. 15985,COLOUR,110,,dict:off_taxonomy
c.i. 16035,COLOUR,129,,dict:off_taxonomy
c.i. 28440,COLOUR,151,,dict:off_taxonomy
c.i. 42051,COLOUR,131,,dict:off_taxonomy
c.i. 42053,COLOUR,143,,dict:off_taxonomy
c.i. 47005,COLOUR,104,,dict:off_taxonomy
c.i. food blue 2,COLOUR,132,,dict:off_taxonomy
c.i. food brown 1,COLOUR,151,,dict:off_taxonomy
c.i. food orange 6,COLOUR,160e,,dict:off_taxonomy
c.i. food red 1,COLOUR,125,,dict:off_taxonomy
canthaxanthin,COLOUR,161g,,dict:off_taxonomy
capsanthin,COLOUR,160c,,dict:off_taxonomy
capsorubin,COLOUR,160c,,dict:off_taxonomy
caramel color,COLOUR,150,,dict:additive_aliases
caramel color ammonia,COLOUR,150c,,dict:off_taxonomy
caramel coloring,COLOUR,150a,,dict:off_taxonomy
caramel colour,COLOUR,150,,dict:additive_aliases
caramel colour (plain),COLOUR,150a,,dict:additive_aliases
caramel colour ammonium sulphite process,COLOUR,150d,,dict:off_taxonomy
caramel e150b,COLOUR,150b,,dict:off_taxonomy
carbon black,COLOUR,152,,dict:off_taxonomy
carmine,COLOUR,120,,dict:additive_aliases
carmines,COLOUR,120,,dict:off_taxonomy
carminic acid,COLOUR,120,,dict:off_taxonomy
carmoisine,COLOUR,122,,dict:off_taxonomy
carotene,COLOUR,160a,,dict:off_taxonomy
carotene color,COLOUR,160a,,dict:off_taxonomy
carotenoids,COLOUR,160,,dict:off_taxonomy
caustic sulphite caramel,COLOUR,150b,,dict:off_taxonomy
chlorophyll,COLOUR,140i,,dict:off_taxonomy
chlorophyllins,COLOUR,140ii,,dict:off_taxonomy
chlorophylls,COLOUR,140i,,dict:off_taxonomy
chlorophylls and chlorophyllins,COLOUR,140,,dict:off_taxonomy
chocolate brown ht,COLOUR,155,,dict:off_taxonomy
ci food green 4,COLOUR,142,,dict:off_taxonomy
ci food red 7,COLOUR,124,,dict:off_taxonomy
ci food yellow 3,COLOUR,110,,dict:off_taxonomy
ci natural green 3,COLOUR,140i,,dict:off_taxonomy
ci natural green 5,COLOUR,140ii,,dict:off_taxonomy
ci natural orange 4,COLOUR,160b,,dict:off_taxonomy
ci pigment red 57,COLOUR,180,,dict:off_taxonomy
citranaxanthin,COLOUR,161i,,dict:off_taxonomy
citrus red 2,COLOUR,121,,dict:off_taxonomy
cochineal,COLOUR,120,,dict:additive_aliases
cochineal red,COLOUR,120,,dict:off_taxonomy
cochineal red a,COLOUR,124,,dict:off_taxonomy
colored with paprika,COLOUR,160c,,dict:off_taxonomy
colour e150d,COLOUR,150d,,dict:off_taxonomy
colour sulphite ammonia caramel,COLOUR,150d,,dict:off_taxonomy
confectioner's caramel,COLOUR,150c,,dict:off_taxonomy
copper chlorophyll,COLOUR,141i,,dict:off_taxonomy
copper chlorophyllin,COLOUR,141ii,,dict:off_taxonomy
copper complexes of chlorophyll and chlorophyllins,COLOUR,141,,dict:off_taxonomy
copper complexes of chlorophyllins,COLOUR,141ii,,dict:off_taxonomy
copper complexes of chlorophylls,COLOUR,141i,,dict:off_taxonomy
copper complexes of chlorophylls and chlorophyllins,COLOUR,141,,dict:off_taxonomy
cryptoaxanthin,COLOUR,161c,,dict:off_taxonomy
cryptoxanthin,COLOUR,161c,,dict:off_taxonomy
curcuma extract,COLOUR,100,,dict:off_taxonomy
curcumin,COLOUR,100,,dict:additive_aliases
cyanidin,COLOUR,163a,,dict:off_taxonomy
delphinidin,COLOUR,163b,,dict:off_taxonomy
e number 160e,COLOUR,160e,,dict:off_taxonomy
element 13,COLOUR,173,,dict:off_taxonomy
element 47,COLOUR,174,,dict:off_taxonomy
element 79,COLOUR,175,,dict:off_taxonomy
erythrosine,COLOUR,127,,dict:off_taxonomy
ethyl ester of beta-apo-8'-carotenic acid,COLOUR,160f,,dict:off_taxonomy
ethyl ester of beta-apo-8'-carotenic acid (c 30),COLOUR,160f,,dict:off_taxonomy
fast green fcf,COLOUR,143,,dict:off_taxonomy
fast yellow ab,COLOUR,105,,dict:off_taxonomy
fd & c red 3,COLOUR,127,,dict:off_taxonomy
fd & c yellow 6,COLOUR,110,,dict:off_taxonomy
fd and c blue 1,COLOUR,133,,dict:off_taxonomy
fd and c blue 2,COLOUR,132,,dict:off_taxonomy
fd and c red 3,COLOUR,127,,dict:off_taxonomy
fd and c red 40,COLOUR,129,,dict:off_taxonomy
fd and c yellow 5,COLOUR,102,,dict:off_taxonomy
fd and c yellow 6,COLOUR,110,,dict:off_taxonomy
fd&c blue 1,COLOUR,133,,dict:additive_aliases
fd&c blue 2,COLOUR,132,,dict:off_taxonomy
fd&c green 3,COLOUR,143,,dict:off_taxonomy
fd&c red 2,COLOUR,123,,dict:off_taxonomy
fd&c red 3,COLOUR,127,,dict:off_taxonomy
fd&c red 4,COLOUR,125,,dict:off_taxonomy
fd&c red 40,COLOUR,129,,dict:additive_aliases
fd&c yellow 5,COLOUR,102,,dict:additive_aliases
fd&c yellow 6,COLOUR,110,,dict:additive_aliases
ferric oxide,COLOUR,172ii,,dict:off_taxonomy
flavaxin,COLOUR,101,,dict:off_taxonomy
flavin mononucleotide,COLOUR,106,,dict:off_taxonomy
flavoxanthin,COLOUR,161a,,dict:off_taxonomy
food black 1,COLOUR,151,,dict:off_taxonomy
food black 2,COLOUR,152,,dict:off_taxonomy
food blue 5,COLOUR,131,,dict:off_taxonomy
food colour 150d,COLOUR,150d,,dict:off_taxonomy
food green 3,COLOUR,143,,dict:off_taxonomy
food orange 7,COLOUR,160f,,dict:off_taxonomy
food red 17,COLOUR,129,,dict:off_taxonomy
food red 3,COLOUR,122,,dict:off_taxonomy
food yellow 13,COLOUR,104,,dict:off_taxonomy
gardenia blue,COLOUR,165,,dict:off_taxonomy
gardenia yellow,COLOUR,164,,dict:off_taxonomy
green 1724,COLOUR,143,,dict:off_taxonomy
green 3,COLOUR,143,,dict:off_taxonomy
green s,COLOUR,142,,dict:off_taxonomy
indanthrene,COLOUR,130,,dict:off_taxonomy
indanthrene blue rs,COLOUR,130,,dict:off_taxonomy
indanthrone blue,COLOUR,130,,dict:off_taxonomy
indigo carmine,COLOUR,132,,dict:off_taxonomy
indigotine,COLOUR,132,,dict:off_taxonomy
iron oxides and iron hydroxides,COLOUR,172,,dict:off_taxonomy
iron(iii) oxide,COLOUR,172ii,,dict:off_taxonomy
kipper brown,COLOUR,154,,dict:off_taxonomy
l-blau 3,COLOUR,131,,dict:off_taxonomy
l. orange,COLOUR,160b,,dict:off_taxonomy
lithol rubine bk,COLOUR,180,,dict:off_taxonomy
litholrubine bk,COLOUR,180,,dict:off_taxonomy
lutein,COLOUR,161b,,dict:off_taxonomy
lutein esters from tagetes erecta,COLOUR,161biii,,dict:off_taxonomy
lutein from tagetes erecta,COLOUR,161bi,,dict:off_taxonomy
lycopene,COLOUR,160d,,dict:off_taxonomy
"lycopene, blakeslea trispora",COLOUR,160diii,,dict:off_taxonomy
"lycopene, synthetic",COLOUR,160di,,dict:off_taxonomy
"lycopene, tomato",COLOUR,160dii,,dict:off_taxonomy
magnesium chlorophyll,COLOUR,140i,,dict:off_taxonomy
malvidin,COLOUR,163c,,dict:off_taxonomy
mixed carotenoids,COLOUR,161b,,dict:off_taxonomy
naphthol black,COLOUR,151,,dict:off_taxonomy
natural red 4,COLOUR,120,,dict:off_taxonomy
norbixin,COLOUR,160b,,dict:off_taxonomy
oil-extracted annatto,COLOUR,160biii,,dict:off_taxonomy
oleoresin of paprika,COLOUR,160c,,dict:off_taxonomy
oleoresin paprika,COLOUR,160c,,dict:off_taxonomy
oleoresin paprika color,COLOUR,160c,,dict:off_taxonomy
orange ggn,COLOUR,111,,dict:off_taxonomy
orange yellow s,COLOUR,110,,dict:off_taxonomy
orcein,COLOUR,182,,dict:off_taxonomy
orlean,COLOUR,160b,,dict:off_taxonomy
paprika color,COLOUR,160c,,dict:off_taxonomy
paprika extract,COLOUR,160c,,dict:additive_aliases
paprika oleoresin,COLOUR,160c,,dict:additive_aliases
paprika oleoresin color,COLOUR,160c,,dict:off_taxonomy
patent blue v,COLOUR,131,,dict:off_taxonomy
patentblau v,COLOUR,131,,dict:off_taxonomy
pelargonidin,COLOUR,163d,,dict:off_taxonomy
peonidin,COLOUR,163e,,dict:off_taxonomy
petunidin,COLOUR,163f,,dict:off_taxonomy
phosphate lactoflavina,COLOUR,101ii,,dict:off_taxonomy
pigment metal 3,COLOUR,175,,dict:off_taxonomy
pigment rubine,COLOUR,180,,dict:off_taxonomy
plain caramel,COLOUR,150a,,dict:additive_aliases
plant carotenes,COLOUR,160aii,,dict:off_taxonomy
ponceau,COLOUR,124,,dict:off_taxonomy
ponceau 4r,COLOUR,124,,dict:off_taxonomy
ponceau 6r,COLOUR,126,,dict:off_taxonomy
ponceau sx,COLOUR,125,,dict:off_taxonomy
potassium copper chlorophyllin,COLOUR,141ii,,dict:off_taxonomy
quinoline yellow,COLOUR,104,,dict:off_taxonomy
quinoline yellow ws,COLOUR,104,,dict:off_taxonomy
red 2g,COLOUR,128,,dict:off_taxonomy
red 3,COLOUR,127,,dict:additive_aliases
red 3 lake,COLOUR,127,,dict:off_taxonomy
red 40,COLOUR,129,,dict:additive_aliases
red 40 lake,COLOUR,129,,dict:additive_aliases
red iron oxide,COLOUR,172ii,,dict:off_taxonomy
rhodoxanthin,COLOUR,161f,,dict:off_taxonomy
riboflavin color,COLOUR,101,,dict:off_taxonomy
riboflavin from ashbya gossypii,COLOUR,101iv,,dict:off_taxonomy
riboflavin from bacillus subtilis,COLOUR,101iii,,dict:off_taxonomy
riboflavin-5′-phosphate,COLOUR,101ii,,dict:off_taxonomy
roucou,COLOUR,160b,,dict:off_taxonomy
rubinpigment,COLOUR,180,,dict:off_taxonomy
rubixanthin,COLOUR,161d,,dict:off_taxonomy
sandalwood,COLOUR,166,,dict:off_taxonomy
scarlet gn,COLOUR,125,,dict:off_taxonomy
sky blue,COLOUR,131,,dict:off_taxonomy
sodium chlorophyllin,COLOUR,140ii,,dict:off_taxonomy
sodium copper chlorophyllin,COLOUR,141ii,,dict:off_taxonomy
soft-drink caramel,COLOUR,150d,,dict:off_taxonomy
solid green fcf,COLOUR,143,,dict:off_taxonomy
sulfite ammonia caramel,COLOUR,150d,,dict:off_taxonomy
sulphan blue,COLOUR,131,,dict:off_taxonomy
sulphite ammonia caramel,COLOUR,150d,,dict:off_taxonomy
sunset yellow,COLOUR,110,,dict:off_taxonomy
sunset yellow fcf,COLOUR,110,,dict:off_taxonomy
tagete extract,COLOUR,161b,,dict:off_taxonomy
tannin,COLOUR,181,,dict:off_taxonomy
tartrazine,COLOUR,102,,dict:off_taxonomy
terre orellana,COLOUR,160b,,dict:off_taxonomy
titanium dioxide,COLOUR,171,,dict:additive_aliases
titanium dioxide color,COLOUR,171,,dict:off_taxonomy
trans-beta-apo-8'-carotenal,COLOUR,160e,,dict:off_taxonomy
turmeric color,COLOUR,100,,dict:off_taxonomy
turmeric extract,COLOUR,100,,dict:additive_aliases
violaxanthin,COLOUR,161e,,dict:off_taxonomy
xanthophyll,COLOUR,161b,,dict:off_taxonomy
xanthophylls,COLOUR,161,,dict:off_taxonomy
yellow 2g,COLOUR,107,,dict:off_taxonomy
yellow 5,COLOUR,102,,dict:additive_aliases
yellow 5 lake,COLOUR,102,,dict:additive_aliases
yellow 6,COLOUR,110,,dict:additive_aliases
yellow 6 lake,COLOUR,110,,dict:additive_aliases
yellow iron oxide,COLOUR,172iii,,dict:off_taxonomy
yellow number 5,COLOUR,102,,dict:off_taxonomy
zeaxanthin,COLOUR,161h,,dict:off_taxonomy
"zeaxanthin, synthetic",COLOUR,161hi,,dict:off_taxonomy
anhydrous milk fat,FAT,,,dict:fats
beef tallow,FAT,,,dict:fats
butter,FAT,,,dict:fats
butter oil,FAT,,,dict:fats
cocoa butter,FAT,,,dict:fats
dripping,FAT,,,dict:fats
ghee,FAT,,,dict:fats
interesterified fat,FAT,,,dict:fats
lard,FAT,,,dict:fats
margarine,FAT,,,dict:fats
palm kernel stearin,FAT,,,dict:fats
palm olein,FAT,,,dict:fats
palm stearin,FAT,,,dict:fats
palmolein,FAT,,,dict:fats
refined palmolein,FAT,,,dict:fats
salted butter,FAT,,,dict:fats
shea butter,FAT,,,dict:fats
shortening,FAT,,,dict:fats
suet,FAT,,,dict:fats
tallow,FAT,,,dict:fats
unsalted butter,FAT,,,dict:fats
vanaspati,FAT,,,dict:fats
clove oil,FLAVOURING,,,dict:flavourings
essential oil,FLAVOURING,,,dict:flavourings
essential oils,FLAVOURING,,,dict:flavourings
ethyl vanillin,FLAVOURING,,,dict:flavourings
lemon oil,FLAVOURING,,,dict:flavourings
lime oil,FLAVOURING,,,dict:flavourings
liquid smoke,FLAVOURING,,,dict:flavourings
mint oil,FLAVOURING,,,dict:flavourings
natural smoke,FLAVOURING,,,dict:flavourings
oil of peppermint,FLAVOURING,,,dict:flavourings
oil of spearmint,FLAVOURING,,,dict:flavourings
orange oil,FLAVOURING,,,dict:flavourings
peppermint oil,FLAVOURING,,,dict:flavourings
smoke flavouring,FLAVOURING,,,dict:flavourings
spearmint oil,FLAVOURING,,,dict:flavourings
vanillin,FLAVOURING,,,dict:flavourings
acid regulator,FUNCTION_CLASS,,acidity-regulator,dict:function_classes
acid regulators,FUNCTION_CLASS,,acidity-regulator,dict:function_classes
acidifier,FUNCTION_CLASS,,acid,dict:function_classes
acidifiers,FUNCTION_CLASS,,acid,dict:function_classes
acidifying agent,FUNCTION_CLASS,,acid,dict:function_classes
acidifying agents,FUNCTION_CLASS,,acid,dict:function_classes
acidity corrector,FUNCTION_CLASS,,acidity-regulator,dict:function_classes
acidity correctors,FUNCTION_CLASS,,acidity-regulator,dict:function_classes
acidity regulator,FUNCTION_CLASS,,acidity-regulator,dict:function_classes
acidity regulators,FUNCTION_CLASS,,acidity-regulator,dict:function_classes
acidulant,FUNCTION_CLASS,,acid,dict:function_classes
acidulants,FUNCTION_CLASS,,acid,dict:function_classes
anti caking agent,FUNCTION_CLASS,,anti-caking-agent,dict:function_classes
anti caking agents,FUNCTION_CLASS,,anti-caking-agent,dict:function_classes
anti-caking agent,FUNCTION_CLASS,,anti-caking-agent,dict:function_classes
anti-caking agents,FUNCTION_CLASS,,anti-caking-agent,dict:function_classes
anti-foam agent,FUNCTION_CLASS,,anti-foaming-agent,dict:function_classes
anti-foam agents,FUNCTION_CLASS,,anti-foaming-agent,dict:function_classes
anti-foaming agent,FUNCTION_CLASS,,anti-foaming-agent,dict:function_classes
anti-foaming agents,FUNCTION_CLASS,,anti-foaming-agent,dict:function_classes
anti-oxidant,FUNCTION_CLASS,,antioxidant,dict:function_classes
anti-oxidants,FUNCTION_CLASS,,antioxidant,dict:function_classes
anticaking agent,FUNCTION_CLASS,,anti-caking-agent,dict:function_classes
anticaking agents,FUNCTION_CLASS,,anti-caking-agent,dict:function_classes
antifoaming agent,FUNCTION_CLASS,,anti-foaming-agent,dict:function_classes
antifoaming agents,FUNCTION_CLASS,,anti-foaming-agent,dict:function_classes
antioxidant,FUNCTION_CLASS,,antioxidant,dict:function_classes
antioxidants,FUNCTION_CLASS,,antioxidant,dict:function_classes
artificial sweetener,FUNCTION_CLASS,,sweetener,dict:function_classes
artificial sweeteners,FUNCTION_CLASS,,sweetener,dict:function_classes
bread improver,FUNCTION_CLASS,,flour-treatment-agent,dict:function_classes
bread improvers,FUNCTION_CLASS,,flour-treatment-agent,dict:function_classes
bulking agent,FUNCTION_CLASS,,bulking-agent,dict:function_classes
bulking agents,FUNCTION_CLASS,,bulking-agent,dict:function_classes
carrier,FUNCTION_CLASS,,carrier,dict:function_classes
carriers,FUNCTION_CLASS,,carrier,dict:function_classes
class ii preservative,FUNCTION_CLASS,,preservative,dict:function_classes
class ii preservatives,FUNCTION_CLASS,,preservative,dict:function_classes
coating agent,FUNCTION_CLASS,,glazing-agent,dict:function_classes
coating agents,FUNCTION_CLASS,,glazing-agent,dict:function_classes
color,FUNCTION_CLASS,,colour,dict:function_classes
coloring,FUNCTION_CLASS,,colour,dict:function_classes
colorings,FUNCTION_CLASS,,colour,dict:function_classes
colors,FUNCTION_CLASS,,colour,dict:function_classes
colour,FUNCTION_CLASS,,colour,dict:function_classes
colour retention agent,FUNCTION_CLASS,,colour-retention-agent,dict:function_classes
colour retention agents,FUNCTION_CLASS,,colour-retention-agent,dict:function_classes
colouring,FUNCTION_CLASS,,colour,dict:function_classes
colouring agent,FUNCTION_CLASS,,colour,dict:function_classes
colouring agents,FUNCTION_CLASS,,colour,dict:function_classes
colourings,FUNCTION_CLASS,,colour,dict:function_classes
colours,FUNCTION_CLASS,,colour,dict:function_classes
dough conditioner,FUNCTION_CLASS,,flour-treatment-agent,dict:function_classes
dough conditioners,FUNCTION_CLASS,,flour-treatment-agent,dict:function_classes
emulsifier,FUNCTION_CLASS,,emulsifier,dict:function_classes
emulsifiers,FUNCTION_CLASS,,emulsifier,dict:function_classes
emulsifying agent,FUNCTION_CLASS,,emulsifier,dict:function_classes
emulsifying agents,FUNCTION_CLASS,,emulsifier,dict:function_classes
emulsifying salt,FUNCTION_CLASS,,emulsifying-salts,dict:function_classes
emulsifying salts,FUNCTION_CLASS,,emulsifying-salts,dict:function_classes
firming agent,FUNCTION_CLASS,,firming-agent,dict:function_classes
firming agents,FUNCTION_CLASS,,firming-agent,dict:function_classes
flavor enhancer,FUNCTION_CLASS,,flavour-enhancer,dict:function_classes
flavor enhancers,FUNCTION_CLASS,,flavour-enhancer,dict:function_classes
flavour enhancer,FUNCTION_CLASS,,flavour-enhancer,dict:function_classes
flavour enhancers,FUNCTION_CLASS,,flavour-enhancer,dict:function_classes
flavour improver,FUNCTION_CLASS,,flavour-enhancer,dict:function_classes
flavour improvers,FUNCTION_CLASS,,flavour-enhancer,dict:function_classes
flour improver,FUNCTION_CLASS,,flour-treatment-agent,dict:function_classes
flour improvers,FUNCTION_CLASS,,flour-treatment-agent,dict:function_classes
flour treatment agent,FUNCTION_CLASS,,flour-treatment-agent,dict:function_classes
flour treatment agents,FUNCTION_CLASS,,flour-treatment-agent,dict:function_classes
foaming agent,FUNCTION_CLASS,,foaming-agent,dict:function_classes
foaming agents,FUNCTION_CLASS,,foaming-agent,dict:function_classes
food acid,FUNCTION_CLASS,,acid,dict:function_classes
food acids,FUNCTION_CLASS,,acid,dict:function_classes
food color,FUNCTION_CLASS,,colour,dict:function_classes
food colors,FUNCTION_CLASS,,colour,dict:function_classes
food colour,FUNCTION_CLASS,,colour,dict:function_classes
food colours,FUNCTION_CLASS,,colour,dict:function_classes
gelling agent,FUNCTION_CLASS,,gelling-agent,dict:function_classes
gelling agents,FUNCTION_CLASS,,gelling-agent,dict:function_classes
glazing agent,FUNCTION_CLASS,,glazing-agent,dict:function_classes
glazing agents,FUNCTION_CLASS,,glazing-agent,dict:function_classes
humectant,FUNCTION_CLASS,,humectant,dict:function_classes
humectants,FUNCTION_CLASS,,humectant,dict:function_classes
improver,FUNCTION_CLASS,,flour-treatment-agent,dict:function_classes
improvers,FUNCTION_CLASS,,flour-treatment-agent,dict:function_classes
leavening,FUNCTION_CLASS,,raising-agent,dict:function_classes
leavening agent,FUNCTION_CLASS,,raising-agent,dict:function_classes
leavening agents,FUNCTION_CLASS,,raising-agent,dict:function_classes
leavenings,FUNCTION_CLASS,,raising-agent,dict:function_classes
packaging gas,FUNCTION_CLASS,,packaging-gas,dict:function_classes
preservative,FUNCTION_CLASS,,preservative,dict:function_classes
preservatives,FUNCTION_CLASS,,preservative,dict:function_classes
propellant,FUNCTION_CLASS,,propellent-gas,dict:function_classes
propellants,FUNCTION_CLASS,,propellent-gas,dict:function_classes
raising agent,FUNCTION_CLASS,,raising-agent,dict:function_classes
raising agents,FUNCTION_CLASS,,raising-agent,dict:function_classes
sequestrant,FUNCTION_CLASS,,sequestrant,dict:function_classes
sequestrants,FUNCTION_CLASS,,sequestrant,dict:function_classes
stabiliser,FUNCTION_CLASS,,stabiliser,dict:function_classes
stabilisers,FUNCTION_CLASS,,stabiliser,dict:function_classes
stabilising agent,FUNCTION_CLASS,,stabiliser,dict:function_classes
stabilising agents,FUNCTION_CLASS,,stabiliser,dict:function_classes
stabilizer,FUNCTION_CLASS,,stabiliser,dict:function_classes
stabilizers,FUNCTION_CLASS,,stabiliser,dict:function_classes
stabilizing agent,FUNCTION_CLASS,,stabiliser,dict:function_classes
stabilizing agents,FUNCTION_CLASS,,stabiliser,dict:function_classes
sweetener,FUNCTION_CLASS,,sweetener,dict:function_classes
sweeteners,FUNCTION_CLASS,,sweetener,dict:function_classes
taste enhancer,FUNCTION_CLASS,,flavour-enhancer,dict:function_classes
taste enhancers,FUNCTION_CLASS,,flavour-enhancer,dict:function_classes
thickener,FUNCTION_CLASS,,thickener,dict:function_classes
thickeners,FUNCTION_CLASS,,thickener,dict:function_classes
thickening agent,FUNCTION_CLASS,,thickener,dict:function_classes
thickening agents,FUNCTION_CLASS,,thickener,dict:function_classes
benzoic acid,PRESERVATIVE,210,,dict:off_taxonomy
biphenyl,PRESERVATIVE,230,,dict:off_taxonomy
boracic acid,PRESERVATIVE,284,,dict:off_taxonomy
borax,PRESERVATIVE,285,,dict:off_taxonomy
boric acid,PRESERVATIVE,284,,dict:off_taxonomy
cal. pro.,PRESERVATIVE,282,,dict:off_taxonomy
cal.pro.,PRESERVATIVE,282,,dict:off_taxonomy
calcium benzoate,PRESERVATIVE,213,,dict:off_taxonomy
calcium bisulfite,PRESERVATIVE,227,,dict:off_taxonomy
calcium bisulphite,PRESERVATIVE,227,,dict:off_taxonomy
calcium disulfite,PRESERVATIVE,225,,dict:off_taxonomy
calcium disulphite,PRESERVATIVE,225,,dict:off_taxonomy
calcium formate,PRESERVATIVE,238,,dict:off_taxonomy
calcium formiate,PRESERVATIVE,238,,dict:off_taxonomy
calcium propanoate,PRESERVATIVE,282,,dict:off_taxonomy
calcium propionate,PRESERVATIVE,282,,dict:additive_aliases
calcium pyrosulfite,PRESERVATIVE,225,,dict:off_taxonomy
calcium pyrosulphite,PRESERVATIVE,225,,dict:off_taxonomy
calcium sorbate,PRESERVATIVE,203,,dict:off_taxonomy
calcium sulfite,PRESERVATIVE,226,,dict:off_taxonomy
calcium sulphite,PRESERVATIVE,226,,dict:off_taxonomy
dicarbonic acid dimethyl ester,PRESERVATIVE,242,,dict:off_taxonomy
dimethyl dicarbonate,PRESERVATIVE,242,,dict:off_taxonomy
diphenyl,PRESERVATIVE,230,,dict:off_taxonomy
disodium tetraborate,PRESERVATIVE,285,,dict:off_taxonomy
dmdc,PRESERVATIVE,242,,dict:off_taxonomy
ethyl lauroyl arginate,PRESERVATIVE,243,,dict:off_taxonomy
ethyl p-hydroxybenzoate,PRESERVATIVE,214,,dict:off_taxonomy
ethyl para-hydroxybenzoate,PRESERVATIVE,214,,dict:off_taxonomy
ethylparaben,PRESERVATIVE,214,,dict:off_taxonomy
formaldehyde,PRESERVATIVE,240,,dict:off_taxonomy
formic acid,PRESERVATIVE,236,,dict:off_taxonomy
glycolipids,PRESERVATIVE,246,,dict:off_taxonomy
gum guaicum,PRESERVATIVE,241,,dict:off_taxonomy
heptylparaben,PRESERVATIVE,209,,dict:off_taxonomy
hexamethylene tetramine,PRESERVATIVE,239,,dict:off_taxonomy
hexamethylenetetramine,PRESERVATIVE,239,,dict:off_taxonomy
hexamine,PRESERVATIVE,239,,dict:off_taxonomy
lysozyme,PRESERVATIVE,1105,,dict:off_taxonomy
lysozyme hydrochloride,PRESERVATIVE,1105,,dict:off_taxonomy
methanal,PRESERVATIVE,240,,dict:off_taxonomy
methanoic acid,PRESERVATIVE,236,,dict:off_taxonomy
methoxycarbonyl methyl carbonate,PRESERVATIVE,242,,dict:off_taxonomy
methyl 4-hydroxybenzoate,PRESERVATIVE,218,,dict:off_taxonomy
methyl p-hydroxybenzoate,PRESERVATIVE,218,,dict:off_taxonomy
methyl paraben,PRESERVATIVE,218,,dict:off_taxonomy
methylparaben,PRESERVATIVE,218,,dict:off_taxonomy
nano2,PRESERVATIVE,250,,dict:off_taxonomy
natamycin,PRESERVATIVE,235,,dict:additive_aliases
nisin,PRESERVATIVE,234,,dict:additive_aliases
orthoboric acid,PRESERVATIVE,284,,dict:off_taxonomy
orthophenyl phenol,PRESERVATIVE,231,,dict:off_taxonomy
pimaracin,PRESERVATIVE,235,,dict:off_taxonomy
potassium benzoate,PRESERVATIVE,212,,dict:additive_aliases
potassium bisulfite,PRESERVATIVE,228,,dict:off_taxonomy
potassium bisulphite,PRESERVATIVE,228,,dict:off_taxonomy
potassium metabisulfite,PRESERVATIVE,224,,dict:additive_aliases
potassium metabisulphite,PRESERVATIVE,224,,dict:additive_aliases
potassium nitrate,PRESERVATIVE,252,,dict:additive_aliases
potassium nitrite,PRESERVATIVE,249,,dict:off_taxonomy
potassium propanoate,PRESERVATIVE,283,,dict:off_taxonomy
potassium propionate,PRESERVATIVE,283,,dict:off_taxonomy
potassium sorbate,PRESERVATIVE,202,,dict:additive_aliases
potassium sulfite,PRESERVATIVE,225,,dict:off_taxonomy
potassium sulphite,PRESERVATIVE,225,,dict:off_taxonomy
propanoic acid,PRESERVATIVE,280,,dict:off_taxonomy
propionic acid,PRESERVATIVE,280,,dict:off_taxonomy
propyl para-hydroxybenzoate,PRESERVATIVE,216,,dict:off_taxonomy
propyl paraben,PRESERVATIVE,216,,dict:off_taxonomy
propylparaben,PRESERVATIVE,216,,dict:off_taxonomy
pyrosulfite,PRESERVATIVE,223,,dict:off_taxonomy
pyrosulphite,PRESERVATIVE,223,,dict:off_taxonomy
"sodium (e,e)-hexa-2,4-dienoate",PRESERVATIVE,201,,dict:off_taxonomy
sodium benzoate,PRESERVATIVE,211,,dict:additive_aliases
sodium bisulfite,PRESERVATIVE,222,,dict:off_taxonomy
sodium bisulphite,PRESERVATIVE,222,,dict:off_taxonomy
sodium borate,PRESERVATIVE,285,,dict:off_taxonomy
sodium ethyl p-hydroxybenzoate,PRESERVATIVE,215,,dict:off_taxonomy
sodium formate,PRESERVATIVE,237,,dict:off_taxonomy
sodium formiate,PRESERVATIVE,237,,dict:off_taxonomy
sodium metabisulfite,PRESERVATIVE,223,,dict:additive_aliases
sodium metabisulphite,PRESERVATIVE,223,,dict:additive_aliases
sodium methyl p-hydroxybenzoate,PRESERVATIVE,219,,dict:off_taxonomy
sodium methylparaben,PRESERVATIVE,219,,dict:off_taxonomy
sodium nitrate,PRESERVATIVE,251,,dict:off_taxonomy
sodium nitrite,PRESERVATIVE,250,,dict:additive_aliases
sodium orthophenyl phenol,PRESERVATIVE,232,,dict:off_taxonomy
sodium propionate,PRESERVATIVE,281,,dict:off_taxonomy
sodium propyl para-hydroxybenzoate,PRESERVATIVE,217,,dict:off_taxonomy
sodium salt of propyl-p-hydroxy benzoic acid,PRESERVATIVE,216,,dict:off_taxonomy
sodium sorbate,PRESERVATIVE,201,,dict:off_taxonomy
sodium sulfite,PRESERVATIVE,221,,dict:off_taxonomy
sodium sulphite,PRESERVATIVE,221,,dict:off_taxonomy
sodium tetraborate,PRESERVATIVE,285,,dict:off_taxonomy
sodium tetraborate (borax),PRESERVATIVE,285,,dict:off_taxonomy
sorbic acid,PRESERVATIVE,200,,dict:additive_aliases
sulfites,PRESERVATIVE,220,,dict:additive_aliases
sulfur dioxide,PRESERVATIVE,220,,dict:additive_aliases
sulphites,PRESERVATIVE,220,,dict:additive_aliases
sulphur dioxide,PRESERVATIVE,220,,dict:additive_aliases
thiabendazole,PRESERVATIVE,233,,dict:off_taxonomy
velcorin,PRESERVATIVE,242,,dict:off_taxonomy
agave nectar,SUGAR,,,dict:sugars
agave syrup,SUGAR,,,dict:sugars
barley malt syrup,SUGAR,,,dict:sugars
beet sugar,SUGAR,,,dict:sugars
black treacle,SUGAR,,,dict:sugars
brown rice syrup,SUGAR,,,dict:sugars
brown sugar,SUGAR,,,dict:sugars
burnt sugar,SUGAR,,,dict:sugars
cane juice,SUGAR,,,dict:sugars
cane molasses,SUGAR,,,dict:sugars
cane sugar,SUGAR,,,dict:sugars
caramelised sugar,SUGAR,,,dict:sugars
caramelized sugar,SUGAR,,,dict:sugars
caster sugar,SUGAR,,,dict:sugars
castor sugar,SUGAR,,,dict:sugars
coconut sugar,SUGAR,,,dict:sugars
corn syrup,SUGAR,,,dict:sugars
corn syrup solids,SUGAR,,,dict:sugars
dark brown sugar,SUGAR,,,dict:sugars
date syrup,SUGAR,,,dict:sugars
dehydrated cane juice,SUGAR,,,dict:sugars
demerara sugar,SUGAR,,,dict:sugars
dextrose,SUGAR,,,dict:sugars
dextrose monohydrate,SUGAR,,,dict:sugars
dried glucose syrup,SUGAR,,,dict:sugars
evaporated cane juice,SUGAR,,,dict:sugars
fructose,SUGAR,,,dict:sugars
fructose-glucose syrup,SUGAR,,,dict:sugars
galactose,SUGAR,,,dict:sugars
glucose,SUGAR,,,dict:sugars
glucose fructose syrup,SUGAR,,,dict:sugars
glucose syrup,SUGAR,,,dict:sugars
glucose syrup solids,SUGAR,,,dict:sugars
glucose-fructose syrup,SUGAR,,,dict:sugars
golden syrup,SUGAR,,,dict:sugars
gur,SUGAR,,,dict:sugars
hfcs,SUGAR,,,dict:sugars
high fructose corn syrup,SUGAR,,,dict:sugars
honey,SUGAR,,,dict:sugars
icing sugar,SUGAR,,,dict:sugars
invert sugar,SUGAR,,,dict:sugars
invert sugar syrup,SUGAR,,,dict:sugars
inverted sugar syrup,SUGAR,,,dict:sugars
isoglucose,SUGAR,,,dict:sugars
jaggery,SUGAR,,,dict:sugars
khandsari,SUGAR,,,dict:sugars
lactose,SUGAR,,,dict:sugars
light brown sugar,SUGAR,,,dict:sugars
liquid sugar,SUGAR,,,dict:sugars
malt syrup,SUGAR,,,dict:sugars
maltose,SUGAR,,,dict:sugars
maple syrup,SUGAR,,,dict:sugars
molasses,SUGAR,,,dict:sugars
muscovado sugar,SUGAR,,,dict:sugars
powdered sugar,SUGAR,,,dict:sugars
raw cane sugar,SUGAR,,,dict:sugars
rice syrup,SUGAR,,,dict:sugars
sucrose,SUGAR,,,dict:sugars
sugar,SUGAR,,,dict:sugars
sugar syrup,SUGAR,,,dict:sugars
sugars,SUGAR,,,dict:sugars
tapioca syrup,SUGAR,,,dict:sugars
treacle,SUGAR,,,dict:sugars
trehalose,SUGAR,,,dict:sugars
acesulfame k,SWEETENER,950,,dict:sweeteners
acesulfame potassium,SWEETENER,950,,dict:sweeteners
acesulfame-k,SWEETENER,,,dict:sweeteners
advantame,SWEETENER,969,,dict:sweeteners
alitame,SWEETENER,956,,dict:off_taxonomy
allulose,SWEETENER,,,dict:sweeteners
asp-phe-ome,SWEETENER,951,,dict:off_taxonomy
aspartame,SWEETENER,951,,dict:sweeteners
aspartame-acesulfame,SWEETENER,962,,dict:off_taxonomy
aspartame-acesulfame salt,SWEETENER,962,,dict:off_taxonomy
aspartylphenylalanine methyl ester,SWEETENER,951,,dict:off_taxonomy
calcium cyclamate,SWEETENER,952ii,,dict:off_taxonomy
calcium saccharin,SWEETENER,954ii,,dict:off_taxonomy
calcium saccharine,SWEETENER,954,,dict:off_taxonomy
cyclamate,SWEETENER,,,dict:sweeteners
cyclamates,SWEETENER,952,,dict:off_taxonomy
cyclamic acid,SWEETENER,952,,dict:off_taxonomy
d-glucitol,SWEETENER,420i,,dict:off_taxonomy
d-maltitol,SWEETENER,965i,,dict:off_taxonomy
d-sorbitol,SWEETENER,420i,,dict:off_taxonomy
enzymatically produced steviol glycosides,SWEETENER,960c,,dict:off_taxonomy
erythritol,SWEETENER,968,,dict:sweeteners
glucitol,SWEETENER,420,,dict:off_taxonomy
glucosylated steviol glycosides,SWEETENER,960d,,dict:off_taxonomy
glycyrrhizin,SWEETENER,958,,dict:off_taxonomy
isomalt,SWEETENER,953,,dict:sweeteners
l-aspartyl-l-phenylalanine methyl ester,SWEETENER,951,,dict:off_taxonomy
lactit,SWEETENER,966,,dict:off_taxonomy
lactitol,SWEETENER,966,,dict:sweeteners
lactositol,SWEETENER,966,,dict:off_taxonomy
luo han guo extract,SWEETENER,,,dict:sweeteners
maltitol,SWEETENER,965,,dict:sweeteners
maltitol syrup,SWEETENER,965ii,,dict:sweeteners
mannitol,SWEETENER,421,,dict:sweeteners
meso-erythritol,SWEETENER,968,,dict:off_taxonomy
monk fruit extract,SWEETENER,,,dict:sweeteners
neohesperidin dihydrochalcone,SWEETENER,959,,dict:off_taxonomy
neohesperidine dc,SWEETENER,959,,dict:off_taxonomy
neohesperidine dihydrochalcone,SWEETENER,959,,dict:off_taxonomy
neotame,SWEETENER,961,,dict:sweeteners
nhdc,SWEETENER,959,,dict:off_taxonomy
polyglycitol syrup,SWEETENER,964,,dict:off_taxonomy
polyols,SWEETENER,,,dict:sweeteners
potassium saccharin,SWEETENER,954iii,,dict:off_taxonomy
potassium saccharine,SWEETENER,954,,dict:off_taxonomy
reb a,SWEETENER,,,dict:sweeteners
rebaudioside a,SWEETENER,,,dict:sweeteners
saccharin,SWEETENER,954,,dict:sweeteners
saccharin and its salts,SWEETENER,954,,dict:off_taxonomy
saccharin calcium,SWEETENER,954,,dict:off_taxonomy
saccharin calcium salt,SWEETENER,954,,dict:off_taxonomy
saccharin potassium salt,SWEETENER,954,,dict:off_taxonomy
saccharin sodium,SWEETENER,954,,dict:off_taxonomy
saccharin sodium salt,SWEETENER,954,,dict:off_taxonomy
saccharine potassium,SWEETENER,954,,dict:off_taxonomy
salt of aspartame-acesulfame,SWEETENER,962,,dict:off_taxonomy
sodium cyclamate,SWEETENER,952,,dict:sweeteners
sodium saccharin,SWEETENER,954,,dict:sweeteners
sodium saccharin salt,SWEETENER,954,,dict:off_taxonomy
sorbitol,SWEETENER,420,,dict:sweeteners
sorbitol syrup,SWEETENER,420ii,,dict:off_taxonomy
stevia,SWEETENER,,,dict:sweeteners
stevia extract,SWEETENER,,,dict:sweeteners
stevia leaf extract,SWEETENER,960,,dict:sweeteners
stevia rebaudiana extract,SWEETENER,960,,dict:off_taxonomy
steviol,SWEETENER,960,,dict:off_taxonomy
steviol glycoside,SWEETENER,960,,dict:off_taxonomy
steviol glycosides,SWEETENER,960,,dict:sweeteners
steviol glycosides from stevia,SWEETENER,960a,,dict:sweeteners
sucralose,SWEETENER,955,,dict:sweeteners
sugar alcohol,SWEETENER,,,dict:sweeteners
sugar alcohols,SWEETENER,,,dict:sweeteners
tagatose,SWEETENER,963,,dict:sweeteners
tetrahydroxybutane,SWEETENER,968,,dict:off_taxonomy
thaumatin,SWEETENER,957,,dict:sweeteners
xylitol,SWEETENER,967,,dict:sweeteners
